1,00:00.1,2000 ,0,0.000138412 ,0.00195456 
2,00:00.2,2005 ,0,0.000139427 ,0.00196189 
3,00:00.3,2010 ,0,0.000140401 ,0.00196916 
4,00:00.4,2015 ,0,0.000141365 ,0.00197644 
5,00:00.6,2020 ,0,0.000142320 ,0.00198374 
6,00:00.7,2025 ,0,0.000143295 ,0.00199109 
7,00:00.8,2030 ,0,0.000144278 ,0.00199845 
8,00:00.9,2035 ,0,0.000145276 ,0.00200593 
9,00:01.0,2040 ,0,0.000146290 ,0.00201342 
10,00:01.1,2045 ,0,0.000147307 ,0.00202091 
11,00:01.2,2050 ,0,0.000148299 ,0.00202837 
12,00:01.3,2055 ,0,0.000149314 ,0.00203586 
13,00:01.8,2060 ,0,0.000150359 ,0.00204348 
14,00:01.9,2065 ,0,0.000151401 ,0.00205099 
15,00:02.0,2070 ,0,0.000152374 ,0.00205852 
16,00:02.1,2075 ,0,0.000153422 ,0.00206608 
17,00:02.2,2080 ,0,0.000154472 ,0.00207367 
18,00:02.3,2085 ,0,0.000155521 ,0.00208127 
19,00:02.3,2090 ,0,0.000156563 ,0.00208893 
20,00:02.4,2095 ,0,0.000157607 ,0.00209660 
21,00:02.5,2100 ,0,0.000158672 ,0.00210427 
22,00:02.7,2105 ,0,0.000159767 ,0.00211201 
23,00:02.8,2110 ,0,0.000160839 ,0.00211970 
24,00:02.9,2115 ,0,0.000161906 ,0.00212743 
25,00:03.3,2120 ,0,0.000163014 ,0.00213527 
26,00:03.7,2125 ,0,0.000164121 ,0.00214300 
27,00:03.9,2130 ,0,0.000165177 ,0.00215064 
28,00:04.2,2135 ,0,0.000166260 ,0.00215838 
29,00:04.3,2140 ,0,0.000167383 ,0.00216623 
30,00:04.5,2145 ,0,0.000168515 ,0.00217412 
31,00:04.8,2150 ,0,0.000169645 ,0.00218205 
32,00:05.0,2155 ,0,0.000170823 ,0.00219006 
33,00:05.2,2160 ,0,0.000171973 ,0.00219812 
34,00:05.4,2165 ,0,0.000173180 ,0.00220623 
35,00:05.6,2170 ,0,0.000174361 ,0.00221439 
36,00:06.0,2175 ,0,0.000175607 ,0.00222267 
37,00:06.1,2180 ,0,0.000176787 ,0.00223081 
38,00:06.2,2185 ,0,0.000177977 ,0.00223895 
39,00:06.4,2190 ,0,0.000179196 ,0.00224709 
40,00:06.6,2195 ,0,0.000180379 ,0.00225526 
41,00:07.0,2200 ,0,0.000181633 ,0.00226348 
42,00:07.3,2205 ,0,0.000182835 ,0.00227175 
43,00:07.5,2210 ,0,0.000184089 ,0.00228003 
44,00:07.8,2215 ,0,0.000185350 ,0.00228837 
45,00:08.1,2220 ,0,0.000186624 ,0.00229677 
46,00:08.4,2225 ,0,0.000187904 ,0.00230521 
47,00:08.8,2230 ,0,0.000189211 ,0.00231375 
48,00:09.0,2235 ,0,0.000190502 ,0.00232228 
49,00:09.4,2240 ,0,0.000191834 ,0.00233085 
50,00:09.7,2245 ,0,0.000193086 ,0.00233910 
51,00:10.0,2250 ,0,0.000194361 ,0.00234744 
52,00:10.2,2255 ,0,0.000195676 ,0.00235595 
53,00:10.6,2260 ,0,0.000197006 ,0.00236460 
54,00:10.8,2265 ,0,0.000198377 ,0.00237333 
55,00:11.1,2270 ,0,0.000199751 ,0.00238211 
56,00:11.4,2275 ,0,0.000201102 ,0.00239071 
57,00:11.7,2280 ,0,0.000202476 ,0.00239944 
58,00:11.9,2285 ,0,0.000203871 ,0.00240829 
59,00:12.2,2290 ,0,0.000205270 ,0.00241712 
60,00:12.5,2295 ,0,0.000206692 ,0.00242604 
61,00:12.8,2300 ,0,0.000208139 ,0.00243505 
62,00:13.0,2305 ,0,0.000209611 ,0.00244406 
63,00:13.3,2310 ,0,0.000211085 ,0.00245319 
64,00:13.6,2315 ,0,0.000212553 ,0.00246229 
65,00:13.9,2320 ,0,0.000214085 ,0.00247153 
66,00:14.1,2325 ,0,0.000215600 ,0.00248077 
67,00:14.5,2330 ,0,0.000217124 ,0.00249002 
68,00:14.8,2335 ,0,0.000218615 ,0.00249920 
69,00:15.0,2340 ,0,0.000220130 ,0.00250836 
70,00:15.4,2345 ,0,0.000221655 ,0.00251754 
71,00:15.6,2350 ,0,0.000223160 ,0.00252667 
72,00:15.9,2355 ,0,0.000224664 ,0.00253581 
73,00:16.1,2360 ,0,0.000226210 ,0.00254500 
74,00:16.3,2365 ,0,0.000227742 ,0.00255426 
75,00:16.5,2370 ,0,0.000229282 ,0.00256352 
76,00:16.8,2375 ,0,0.000230801 ,0.00257265 
77,00:17.0,2380 ,0,0.000232288 ,0.00258167 
78,00:17.3,2385 ,0,0.000233846 ,0.00259085 
79,00:17.4,2390 ,0,0.000235421 ,0.00260024 
80,00:17.5,2395 ,0,0.000237028 ,0.00260971 
81,00:17.6,2400 ,0,0.000238634 ,0.00261922 
82,00:17.7,2405 ,0,0.000240288 ,0.00262881 
83,00:17.8,2410 ,0,0.000241972 ,0.00263845 
84,00:17.9,2415 ,0,0.000243621 ,0.00264815 
85,00:18.0,2420 ,0,0.000245333 ,0.00265788 
86,00:18.1,2425 ,0,0.000247034 ,0.00266768 
87,00:18.1,2430 ,0,0.000248767 ,0.00267755 
88,00:18.2,2435 ,0,0.000250498 ,0.00268747 
89,00:18.3,2440 ,0,0.000252292 ,0.00269753 
90,00:18.4,2445 ,0,0.000254116 ,0.00270761 
91,00:18.6,2450 ,0,0.000255896 ,0.00271765 
92,00:18.7,2455 ,0,0.000257698 ,0.00272775 
93,00:18.7,2460 ,0,0.000259499 ,0.00273792 
94,00:18.8,2465 ,0,0.000261344 ,0.00274810 
95,00:18.9,2470 ,0,0.000263202 ,0.00275837 
96,00:19.0,2475 ,0,0.000265073 ,0.00276868 
97,00:19.1,2480 ,0,0.000266964 ,0.00277901 
98,00:19.2,2485 ,0,0.000268861 ,0.00278939 
99,00:19.3,2490 ,0,0.000270780 ,0.00279984 
100,00:19.4,2495 ,0,0.000272728 ,0.00281034 
101,00:19.5,2500 ,0,0.000274674 ,0.00282089 
102,00:19.6,2505 ,0,0.000276705 ,0.00283159 
103,00:19.7,2510 ,0,0.000278718 ,0.00284233 
104,00:19.8,2515 ,0,0.000280703 ,0.00285297 
105,00:19.8,2520 ,0,0.000282688 ,0.00286364 
106,00:19.9,2525 ,0,0.000284701 ,0.00287431 
107,00:20.0,2530 ,0,0.000286737 ,0.00288503 
108,00:20.2,2535 ,0,0.000288790 ,0.00289581 
109,00:20.3,2540 ,0,0.000290860 ,0.00290666 
110,00:20.4,2545 ,0,0.000292945 ,0.00291758 
111,00:20.5,2550 ,0,0.000295033 ,0.00292859 
112,00:20.6,2555 ,0,0.000297185 ,0.00293962 
113,00:20.7,2560 ,0,0.000299338 ,0.00295074 
114,00:20.8,2565 ,0,0.000301486 ,0.00296186 
115,00:20.9,2570 ,0,0.000303661 ,0.00297298 
116,00:21.0,2575 ,0,0.000305847 ,0.00298418 
117,00:21.1,2580 ,0,0.000308061 ,0.00299542 
118,00:21.2,2585 ,0,0.000310295 ,0.00300671 
119,00:21.3,2590 ,0,0.000312541 ,0.00301811 
120,00:21.4,2595 ,0,0.000314815 ,0.00302957 
121,00:21.5,2600 ,0,0.000317147 ,0.00304112 
122,00:21.5,2605 ,0,0.000319437 ,0.00305269 
123,00:21.6,2610 ,0,0.000321815 ,0.00306435 
124,00:21.7,2615 ,0,0.000324195 ,0.00307611 
125,00:21.8,2620 ,0,0.000326580 ,0.00308787 
126,00:21.9,2625 ,0,0.000328975 ,0.00309968 
127,00:22.0,2630 ,0,0.000331398 ,0.00311155 
128,00:22.0,2635 ,0,0.000333863 ,0.00312345 
129,00:22.1,2640 ,0,0.000336288 ,0.00313538 
130,00:22.2,2645 ,0,0.000338791 ,0.00314741 
131,00:22.3,2650 ,0,0.000341325 ,0.00315955 
132,00:22.5,2655 ,0,0.000343888 ,0.00317172 
133,00:22.6,2660 ,0,0.000346421 ,0.00318397 
134,00:22.7,2665 ,0,0.000349039 ,0.00319632 
135,00:22.8,2670 ,0,0.000351647 ,0.00320869 
136,00:22.9,2675 ,0,0.000354285 ,0.00322116 
137,00:23.2,2680 ,0,0.000357023 ,0.00323387 
138,00:23.4,2685 ,0,0.000359868 ,0.00324685 
139,00:23.5,2690 ,0,0.000362577 ,0.00325958 
140,00:23.8,2695 ,0,0.000365347 ,0.00327233 
141,00:24.1,2700 ,0,0.000368050 ,0.00328487 
142,00:24.2,2705 ,0,0.000370776 ,0.00329749 
143,00:24.5,2710 ,0,0.000373531 ,0.00331016 
144,00:24.6,2715 ,0,0.000376318 ,0.00332293 
145,00:24.7,2720 ,0,0.000379141 ,0.00333580 
146,00:24.8,2725 ,0,0.000381951 ,0.00334870 
147,00:25.0,2730 ,0,0.000384794 ,0.00336159 
148,00:25.1,2735 ,0,0.000387674 ,0.00337462 
149,00:25.2,2740 ,0,0.000390616 ,0.00338776 
150,00:25.3,2745 ,0,0.000393582 ,0.00340102 
151,00:25.4,2750 ,0,0.000396532 ,0.00341428 
152,00:25.5,2755 ,0,0.000399526 ,0.00342765 
153,00:25.6,2760 ,0,0.000402592 ,0.00344107 
154,00:25.6,2765 ,0,0.000405648 ,0.00345455 
155,00:25.8,2770 ,0,0.000408750 ,0.00346814 
156,00:26.0,2775 ,0,0.000411889 ,0.00348177 
157,00:26.1,2780 ,0,0.000415069 ,0.00349550 
158,00:26.3,2785 ,0,0.000418257 ,0.00350932 
159,00:26.4,2790 ,0,0.000421468 ,0.00352318 
160,00:26.5,2795 ,0,0.000424709 ,0.00353714 
161,00:26.5,2800 ,0,0.000427999 ,0.00355116 
162,00:26.6,2805 ,0,0.000431294 ,0.00356523 
163,00:26.8,2810 ,0,0.000434633 ,0.00357939 
164,00:26.9,2815 ,0,0.000438001 ,0.00359361 
165,00:27.0,2820 ,0,0.000441404 ,0.00360787 
166,00:27.1,2825 ,0,0.000444791 ,0.00362217 
167,00:27.2,2830 ,0,0.000448172 ,0.00363647 
168,00:27.3,2835 ,0,0.000451657 ,0.00365087 
169,00:27.4,2840 ,0,0.000455145 ,0.00366535 
170,00:27.5,2845 ,0,0.000458655 ,0.00367993 
171,00:27.7,2850 ,0,0.000462249 ,0.00369462 
172,00:27.8,2855 ,0,0.000465871 ,0.00370944 
173,00:27.9,2860 ,0,0.000469528 ,0.00372435 
174,00:28.0,2865 ,0,0.000473250 ,0.00373935 
175,00:28.2,2870 ,0,0.000476987 ,0.00375447 
176,00:28.3,2875 ,0,0.000480766 ,0.00376972 
177,00:28.5,2880 ,0,0.000484569 ,0.00378502 
178,00:28.6,2885 ,0,0.000488466 ,0.00380040 
179,00:28.7,2890 ,0,0.000492335 ,0.00381588 
180,00:28.7,2895 ,0,0.000496281 ,0.00383140 
181,00:28.8,2900 ,0,0.000500260 ,0.00384707 
182,00:28.9,2905 ,0,0.000504247 ,0.00386279 
183,00:29.0,2910 ,0,0.000508317 ,0.00387857 
184,00:29.1,2915 ,0,0.000512410 ,0.00389451 
185,00:29.2,2920 ,0,0.000516581 ,0.00391055 
186,00:29.3,2925 ,0,0.000520777 ,0.00392674 
187,00:29.4,2930 ,0,0.000525062 ,0.00394305 
188,00:29.4,2935 ,0,0.000529335 ,0.00395944 
189,00:29.5,2940 ,0,0.000533691 ,0.00397592 
190,00:29.6,2945 ,0,0.000538080 ,0.00399249 
191,00:29.7,2950 ,0,0.000542526 ,0.00400917 
192,00:29.8,2955 ,0,0.000547010 ,0.00402597 
193,00:29.9,2960 ,0,0.000551544 ,0.00404285 
194,00:30.0,2965 ,0,0.000556110 ,0.00405981 
195,00:30.1,2970 ,0,0.000560732 ,0.00407683 
196,00:30.1,2975 ,0,0.000565370 ,0.00409395 
197,00:30.2,2980 ,0,0.000570063 ,0.00411118 
198,00:30.3,2985 ,0,0.000574809 ,0.00412851 
199,00:30.4,2990 ,0,0.000579579 ,0.00414594 
200,00:30.5,2995 ,0,0.000584447 ,0.00416347 
201,00:30.6,3000 ,0,0.000589346 ,0.00418111 
202,00:30.6,3005 ,0,0.000594294 ,0.00419881 
203,00:30.7,3010 ,0,0.000599298 ,0.00421667 
204,00:30.8,3015 ,0,0.000604346 ,0.00423462 
205,00:30.9,3020 ,0,0.000609450 ,0.00425269 
206,00:31.0,3025 ,0,0.000614654 ,0.00427089 
207,00:31.1,3030 ,0,0.000619852 ,0.00428928 
208,00:31.2,3035 ,0,0.000625176 ,0.00430768 
209,00:31.3,3040 ,0,0.000630555 ,0.00432630 
210,00:31.3,3045 ,0,0.000635943 ,0.00434499 
211,00:31.4,3050 ,0,0.000641418 ,0.00436380 
212,00:31.5,3055 ,0,0.000646932 ,0.00438270 
213,00:31.6,3060 ,0,0.000652512 ,0.00440171 
214,00:31.7,3065 ,0,0.000658174 ,0.00442087 
215,00:31.8,3070 ,0,0.000663913 ,0.00444012 
216,00:31.8,3075 ,0,0.000669663 ,0.00445951 
217,00:31.9,3080 ,0,0.000675471 ,0.00447899 
218,00:32.0,3085 ,0,0.000681385 ,0.00449866 
219,00:32.1,3090 ,0,0.000687346 ,0.00451838 
220,00:32.2,3095 ,0,0.000693401 ,0.00453833 
221,00:32.3,3100 ,0,0.000699505 ,0.00455834 
222,00:32.3,3105 ,0,0.000705684 ,0.00457855 
223,00:32.4,3110 ,0,0.000711955 ,0.00459895 
224,00:32.5,3115 ,0,0.000718307 ,0.00461939 
225,00:32.6,3120 ,0,0.000724722 ,0.00464000 
226,00:32.7,3125 ,0,0.000731230 ,0.00466083 
227,00:32.8,3130 ,0,0.000737830 ,0.00468181 
228,00:32.9,3135 ,0,0.000744498 ,0.00470288 
229,00:33.0,3140 ,0,0.000751283 ,0.00472425 
230,00:33.0,3145 ,0,0.000758059 ,0.00474560 
231,00:33.1,3150 ,0,0.000764906 ,0.00476697 
232,00:33.2,3155 ,0,0.000771773 ,0.00478842 
233,00:33.3,3160 ,0,0.000778718 ,0.00480992 
234,00:33.4,3165 ,0,0.000785739 ,0.00483157 
235,00:33.5,3170 ,0,0.000792829 ,0.00485337 
236,00:33.5,3175 ,0,0.000800031 ,0.00487534 
237,00:33.6,3180 ,0,0.000807318 ,0.00489745 
238,00:33.7,3185 ,0,0.000814709 ,0.00491978 
239,00:33.8,3190 ,0,0.000822183 ,0.00494223 
240,00:33.9,3195 ,0,0.000829734 ,0.00496489 
241,00:34.0,3200 ,0,0.000837424 ,0.00498768 
242,00:34.1,3205 ,0,0.000845204 ,0.00501073 
243,00:34.2,3210 ,0,0.000853058 ,0.00503380 
244,00:34.2,3215 ,0,0.000860967 ,0.00505709 
245,00:34.3,3220 ,0,0.000869008 ,0.00508057 
246,00:34.4,3225 ,0,0.000877150 ,0.00510420 
247,00:34.5,3230 ,0,0.000885413 ,0.00512803 
248,00:34.6,3235 ,0,0.000893759 ,0.00515201 
249,00:34.7,3240 ,0,0.000902231 ,0.00517614 
250,00:34.7,3245 ,0,0.000910782 ,0.00520053 
251,00:34.8,3250 ,0,0.000919484 ,0.00522503 
252,00:34.9,3255 ,0,0.000928255 ,0.00524974 
253,00:35.0,3260 ,0,0.000937151 ,0.00527457 
254,00:35.1,3265 ,0,0.000946087 ,0.00529948 
255,00:35.2,3270 ,0,0.000955130 ,0.00532457 
256,00:35.2,3275 ,0,0.000964289 ,0.00534981 
257,00:35.3,3280 ,0,0.000973569 ,0.00537525 
258,00:35.4,3285 ,0,0.000982921 ,0.00540079 
259,00:35.5,3290 ,0,0.000992388 ,0.00542650 
260,00:35.6,3295 ,0,0.001001910 ,0.00545232 
261,00:35.7,3300 ,0,0.001011590 ,0.00547826 
262,00:35.8,3305 ,0,0.001021360 ,0.00550441 
263,00:35.9,3310 ,0,0.001031270 ,0.00553071 
264,00:35.9,3315 ,0,0.001041270 ,0.00555724 
265,00:36.0,3320 ,0,0.001051410 ,0.00558394 
266,00:36.1,3325 ,0,0.001061700 ,0.00561090 
267,00:36.2,3330 ,0,0.001072100 ,0.00563797 
268,00:36.3,3335 ,0,0.001082680 ,0.00566542 
269,00:36.4,3340 ,0,0.001093430 ,0.00569305 
270,00:36.5,3345 ,0,0.001104320 ,0.00572096 
271,00:36.5,3350 ,0,0.001115450 ,0.00574923 
272,00:36.6,3355 ,0,0.001126790 ,0.00577781 
273,00:36.7,3360 ,0,0.001138300 ,0.00580662 
274,00:36.8,3365 ,0,0.001149900 ,0.00583566 
275,00:36.9,3370 ,0,0.001161600 ,0.00586474 
276,00:37.0,3375 ,0,0.001173400 ,0.00589390 
277,00:37.1,3380 ,0,0.001185340 ,0.00592327 
278,00:37.2,3385 ,0,0.001197390 ,0.00595278 
279,00:37.3,3390 ,0,0.001209590 ,0.00598249 
280,00:37.4,3395 ,0,0.001221980 ,0.00601247 
281,00:37.5,3400 ,0,0.001234590 ,0.00604273 
282,00:37.6,3405 ,0,0.001247420 ,0.00607333 
283,00:37.7,3410 ,0,0.001260450 ,0.00610426 
284,00:37.7,3415 ,0,0.001273670 ,0.00613545 
285,00:37.8,3420 ,0,0.001287080 ,0.00616693 
286,00:37.9,3425 ,0,0.001300720 ,0.00619873 
287,00:38.0,3430 ,0,0.001314500 ,0.00623069 
288,00:38.1,3435 ,0,0.001328500 ,0.00626296 
289,00:38.2,3440 ,0,0.001342720 ,0.00629548 
290,00:38.2,3445 ,0,0.001357190 ,0.00632836 
291,00:38.3,3450 ,0,0.001371880 ,0.00636157 
292,00:38.4,3455 ,0,0.001386790 ,0.00639500 
293,00:38.5,3460 ,0,0.001401910 ,0.00642874 
294,00:38.6,3465 ,0,0.001417220 ,0.00646265 
295,00:38.7,3470 ,0,0.001432690 ,0.00649679 
296,00:38.8,3475 ,0,0.001448280 ,0.00653105 
297,00:38.9,3480 ,0,0.001464140 ,0.00656554 
298,00:38.9,3485 ,0,0.001480170 ,0.00660031 
299,00:39.0,3490 ,0,0.001496490 ,0.00663536 
300,00:39.1,3495 ,0,0.001512990 ,0.00667077 
301,00:39.2,3500 ,0,0.001529830 ,0.00670646 
302,00:39.3,3505 ,0,0.001546880 ,0.00674249 
303,00:39.4,3510 ,0,0.001564200 ,0.00677881 
304,00:39.5,3515 ,0,0.001581730 ,0.00681540 
305,00:39.6,3520 ,0,0.001599540 ,0.00685224 
306,00:39.6,3525 ,0,0.001617560 ,0.00688931 
307,00:39.7,3530 ,0,0.001635780 ,0.00692662 
308,00:39.8,3535 ,0,0.001654270 ,0.00696416 
309,00:39.9,3540 ,0,0.001673000 ,0.00700205 
310,00:40.0,3545 ,0,0.001692050 ,0.00704022 
311,00:40.0,3550 ,0,0.001711310 ,0.00707864 
312,00:40.1,3555 ,0,0.001730820 ,0.00711737 
313,00:40.2,3560 ,0,0.001750580 ,0.00715622 
314,00:40.3,3565 ,0,0.001770700 ,0.00719550 
315,00:40.4,3570 ,0,0.001791100 ,0.00723512 
316,00:40.5,3575 ,0,0.001811940 ,0.00727530 
317,00:40.5,3580 ,0,0.001833080 ,0.00731571 
318,00:40.6,3585 ,0,0.001854670 ,0.00735672 
319,00:40.7,3590 ,0,0.001876560 ,0.00739805 
320,00:40.8,3595 ,0,0.001898840 ,0.00743970 
321,00:40.9,3600 ,0,0.001921520 ,0.00748188 
322,00:41.0,3605 ,0,0.001944600 ,0.00752437 
323,00:41.1,3610 ,0,0.001968020 ,0.00756737 
324,00:41.2,3615 ,0,0.001992000 ,0.00761089 
325,00:41.2,3620 ,0,0.002016350 ,0.00765479 
326,00:41.3,3625 ,0,0.002041130 ,0.00769916 
327,00:41.4,3630 ,0,0.002066310 ,0.00774387 
328,00:41.5,3635 ,0,0.002091910 ,0.00778905 
329,00:41.6,3640 ,0,0.002117940 ,0.00783455 
330,00:41.7,3645 ,0,0.002144560 ,0.00788062 
331,00:41.7,3650 ,0,0.002171540 ,0.00792710 
332,00:41.8,3655 ,0,0.002198930 ,0.00797396 
333,00:41.9,3660 ,0,0.002226880 ,0.00802126 
334,00:42.0,3665 ,0,0.002255300 ,0.00806911 
335,00:42.1,3670 ,0,0.002284180 ,0.00811723 
336,00:42.2,3675 ,0,0.002313560 ,0.00816583 
337,00:42.2,3680 ,0,0.002343410 ,0.00821493 
338,00:42.3,3685 ,0,0.002373890 ,0.00826448 
339,00:42.4,3690 ,0,0.002404870 ,0.00831452 
340,00:42.5,3695 ,0,0.002436340 ,0.00836500 
341,00:42.6,3700 ,0,0.002468450 ,0.00841593 
342,00:42.7,3705 ,0,0.002501050 ,0.00846737 
343,00:42.8,3710 ,0,0.002534430 ,0.00851938 
344,00:42.8,3715 ,0,0.002568260 ,0.00857186 
345,00:42.9,3720 ,0,0.002602870 ,0.00862492 
346,00:43.0,3725 ,0,0.002637990 ,0.00867835 
347,00:43.1,3730 ,0,0.002673870 ,0.00873244 
348,00:43.2,3735 ,0,0.002710410 ,0.00878695 
349,00:43.3,3740 ,0,0.002747520 ,0.00884200 
350,00:43.4,3745 ,0,0.002785350 ,0.00889751 
351,00:43.5,3750 ,0,0.002824030 ,0.00895369 
352,00:43.5,3755 ,0,0.002863400 ,0.00901040 
353,00:43.6,3760 ,0,0.002903400 ,0.00906753 
354,00:43.7,3765 ,0,0.002944100 ,0.00912513 
355,00:43.8,3770 ,0,0.002985760 ,0.00918345 
356,00:43.9,3775 ,0,0.003028090 ,0.00924223 
357,00:44.0,3780 ,0,0.003071240 ,0.00930154 
358,00:44.1,3785 ,0,0.003115200 ,0.00936137 
359,00:44.2,3790 ,0,0.003159920 ,0.00942169 
360,00:44.3,3795 ,0,0.003205590 ,0.00948264 
361,00:44.3,3800 ,0,0.003252170 ,0.00954421 
362,00:44.4,3805 ,0,0.003299660 ,0.00960632 
363,00:44.5,3810 ,0,0.003348170 ,0.00966914 
364,00:44.6,3815 ,0,0.003397510 ,0.00973242 
365,00:44.7,3820 ,0,0.003447840 ,0.00979621 
366,00:44.8,3825 ,0,0.003498900 ,0.00986035 
367,00:44.8,3830 ,0,0.003550980 ,0.00992513 
368,00:44.9,3835 ,0,0.003604110 ,0.00999038 
369,00:45.0,3840 ,0,0.003658250 ,0.01005620 
370,00:45.1,3845 ,0,0.003713430 ,0.01012260 
371,00:45.2,3850 ,0,0.003769730 ,0.01018970 
372,00:45.3,3855 ,0,0.003827110 ,0.01025730 
373,00:45.3,3860 ,0,0.003885760 ,0.01032560 
374,00:45.4,3865 ,0,0.003945830 ,0.01039470 
375,00:45.5,3870 ,0,0.004007040 ,0.01046420 
376,00:45.6,3875 ,0,0.004069840 ,0.01053470 
377,00:45.7,3880 ,0,0.004133820 ,0.01060580 
378,00:45.8,3885 ,0,0.004199230 ,0.01067740 
379,00:45.9,3890 ,0,0.004266060 ,0.01074980 
380,00:46.0,3895 ,0,0.004334140 ,0.01082270 
381,00:46.0,3900 ,0,0.004403910 ,0.01089630 
382,00:46.1,3905 ,0,0.004474860 ,0.01097040 
383,00:46.2,3910 ,0,0.004547440 ,0.01104510 
384,00:46.3,3915 ,0,0.004621560 ,0.01112040 
385,00:46.4,3920 ,0,0.004697610 ,0.01119660 
386,00:46.5,3925 ,0,0.004775450 ,0.01127350 
387,00:46.6,3930 ,0,0.004854780 ,0.01135100 
388,00:46.6,3935 ,0,0.004936400 ,0.01142930 
389,00:46.7,3940 ,0,0.005019320 ,0.01150800 
390,00:46.8,3945 ,0,0.005104360 ,0.01158730 
391,00:46.9,3950 ,0,0.005191210 ,0.01166720 
392,00:47.0,3955 ,0,0.005279740 ,0.01174750 
393,00:47.1,3960 ,0,0.005369620 ,0.01182800 
394,00:47.2,3965 ,0,0.005461110 ,0.01190870 
395,00:47.2,3970 ,0,0.005554400 ,0.01198980 
396,00:47.4,3975 ,0,0.005649780 ,0.01207110 
397,00:47.5,3980 ,0,0.005747570 ,0.01215340 
398,00:47.5,3985 ,0,0.005847800 ,0.01223640 
399,00:47.6,3990 ,0,0.005950460 ,0.01231990 
400,00:47.7,3995 ,0,0.006055490 ,0.01240390 
401,00:47.8,4000 ,0,0.006163210 ,0.01248850 
402,00:47.9,4005 ,0,0.006273180 ,0.01257350 
403,00:48.0,4010 ,0,0.006385850 ,0.01265890 
404,00:48.1,4015 ,0,0.006501400 ,0.01274480 
405,00:48.2,4020 ,0,0.006619570 ,0.01283110 
406,00:48.2,4025 ,0,0.006740490 ,0.01291780 
407,00:48.3,4030 ,0,0.006864520 ,0.01300490 
408,00:48.4,4035 ,0,0.006991290 ,0.01309220 
409,00:48.5,4040 ,0,0.007121060 ,0.01317960 
410,00:48.6,4045 ,0,0.007253950 ,0.01326730 
411,00:48.7,4050 ,0,0.007389740 ,0.01335500 
412,00:48.8,4055 ,0,0.007529090 ,0.01344290 
413,00:48.8,4060 ,0,0.007671810 ,0.01353090 
414,00:48.9,4065 ,0,0.007817870 ,0.01361890 
415,00:49.0,4070 ,0,0.007967190 ,0.01370680 
416,00:49.1,4075 ,0,0.008120430 ,0.01379460 
417,00:49.2,4080 ,0,0.008277270 ,0.01388210 
418,00:49.3,4085 ,0,0.008437810 ,0.01396930 
419,00:49.4,4090 ,0,0.008602430 ,0.01405670 
420,00:49.5,4095 ,0,0.008771390 ,0.01414350 
421,00:49.6,4100 ,0,0.008944500 ,0.01422990 
422,00:49.7,4105 ,0,0.009120490 ,0.01431520 
423,00:49.7,4110 ,0,0.009300470 ,0.01439980 
424,00:49.8,4115 ,0,0.009484580 ,0.01448360 
425,00:49.9,4120 ,0,0.009672910 ,0.01456640 
426,00:56.9,4125 ,0,0.009843930 ,0.01463770 
427,00:57.0,4130 ,0,0.010041900 ,0.01471930 
428,00:57.1,4135 ,0,0.010244900 ,0.01479960 
429,00:57.2,4140 ,0,0.010453000 ,0.01487860 
430,00:57.3,4145 ,0,0.010666300 ,0.01495620 
431,00:57.4,4150 ,0,0.010885100 ,0.01503220 
432,00:57.5,4155 ,0,0.011109400 ,0.01510670 
433,00:57.5,4160 ,0,0.011339400 ,0.01517910 
434,00:57.6,4165 ,0,0.011575200 ,0.01524940 
435,00:57.7,4170 ,0,0.011816700 ,0.01531720 
436,00:57.8,4175 ,0,0.012064500 ,0.01538270 
437,00:57.9,4180 ,0,0.012318700 ,0.01544530 
438,00:58.0,4185 ,0,0.012579400 ,0.01550500 
439,00:58.1,4190 ,0,0.012846200 ,0.01556140 
440,00:58.2,4195 ,0,0.013118800 ,0.01561430 
441,00:58.3,4200 ,0,0.013399000 ,0.01566320 
442,00:58.4,4205 ,0,0.013685400 ,0.01570810 
443,00:58.5,4210 ,0,0.013977000 ,0.01574850 
444,00:58.5,4215 ,0,0.014275400 ,0.01578410 
445,00:58.6,4220 ,0,0.014580900 ,0.01581480 
446,00:58.7,4225 ,0,0.014892800 ,0.01584000 
447,00:58.8,4230 ,0,0.015211900 ,0.01585960 
448,00:58.9,4235 ,0,0.015539900 ,0.01587250 
449,00:59.0,4240 ,0,0.015872000 ,0.01587920 
450,00:59.1,4245 ,0,0.016212100 ,0.01587900 
451,00:59.2,4250 ,0,0.016556700 ,0.01587150 
452,01:01.8,4255 ,0,0.016936400 ,0.01585020 
453,01:01.8,4260 ,0,0.017288200 ,0.01582740 
454,01:01.9,4265 ,0,0.017645000 ,0.01579600 
455,01:02.0,4270 ,0,0.018008500 ,0.01575600 
456,01:02.1,4275 ,0,0.018378600 ,0.01570650 
457,01:02.2,4280 ,0,0.018753400 ,0.01564760 
458,01:02.3,4285 ,0,0.019135200 ,0.01557780 
459,01:02.3,4290 ,0,0.019523900 ,0.01549680 
460,01:02.4,4295 ,0,0.019917900 ,0.01540440 
461,01:02.5,4300 ,0,0.020318100 ,0.01529970 
462,01:02.6,4305 ,0,0.020725300 ,0.01518140 
463,01:02.7,4310 ,0,0.021137800 ,0.01504940 
464,01:02.8,4315 ,0,0.021555300 ,0.01490290 
465,01:02.9,4320 ,0,0.021976600 ,0.01474190 
466,01:03.0,4325 ,0,0.022402300 ,0.01456490 
467,01:03.1,4330 ,0,0.022828400 ,0.01437340 
468,01:03.2,4335 ,0,0.023256100 ,0.01416620 
469,01:03.3,4340 ,0,0.023683900 ,0.01394310 
470,01:03.3,4345 ,0,0.024111700 ,0.01370300 
471,01:03.4,4350 ,0,0.024539200 ,0.01344560 
472,01:03.5,4355 ,0,0.024966200 ,0.01316920 
473,01:03.6,4360 ,0,0.025391300 ,0.01287460 
474,01:03.7,4365 ,0,0.025814000 ,0.01256110 
475,01:03.8,4370 ,0,0.026233800 ,0.01222740 
476,01:03.9,4375 ,0,0.026646900 ,0.01187560 
477,01:04.0,4380 ,0,0.027054300 ,0.01150360 
478,01:04.1,4385 ,0,0.027453700 ,0.01111300 
479,01:04.2,4390 ,0,0.027844600 ,0.01070280 
480,01:04.2,4395 ,0,0.028224600 ,0.01027500 
481,01:04.3,4400 ,0,0.028593900 ,0.00982720 
482,01:04.4,4405 ,0,0.028951100 ,0.00936044 
483,01:04.5,4410 ,0,0.029294600 ,0.00887614 
484,01:04.6,4415 ,0,0.029622400 ,0.00837515 
485,01:04.7,4420 ,0,0.029936300 ,0.00785326 
486,01:04.8,4425 ,0,0.030233300 ,0.00731221 
487,01:04.9,4430 ,0,0.030510300 ,0.00675924 
488,01:05.0,4435 ,0,0.030767900 ,0.00618832 
489,01:05.1,4440 ,0,0.031004300 ,0.00560769 
490,01:05.2,4445 ,0,0.031219900 ,0.00501341 
491,01:05.3,4450 ,0,0.031412500 ,0.00441123 
492,01:05.4,4455 ,0,0.031581700 ,0.00380207 
493,01:05.5,4460 ,0,0.031726200 ,0.00319200 
494,01:05.6,4465 ,0,0.031846600 ,0.00257711 
495,01:05.7,4470 ,0,0.031942800 ,0.00195899 
496,01:05.8,4475 ,0,0.032015000 ,0.00133694 
497,01:05.9,4480 ,0,0.032063000 ,0.00071369 
498,01:06.0,4485 ,0,0.032086800 ,0.00008988 
499,01:06.1,4490 ,0,0.032086100 ,-0.00053456 
500,01:06.2,4495 ,0,0.032061000 ,-0.00115888 
501,01:06.3,4500 ,0,0.032011600 ,-0.00178155 
502,01:06.4,4505 ,0,0.031937700 ,-0.00240242 
503,01:06.5,4510 ,0,0.031840000 ,-0.00301787 
504,01:06.6,4515 ,0,0.031719100 ,-0.00362583 
505,01:06.7,4520 ,0,0.031575900 ,-0.00422574 
506,01:06.8,4525 ,0,0.031410000 ,-0.00481730 
507,01:06.9,4530 ,0,0.031222800 ,-0.00539914 
508,01:07.0,4535 ,0,0.031014300 ,-0.00597117 
509,01:07.0,4540 ,0,0.030786600 ,-0.00652968 
510,01:07.1,4545 ,0,0.030540600 ,-0.00707400 
511,01:07.2,4550 ,0,0.030277300 ,-0.00760358 
512,01:07.3,4555 ,0,0.029997100 ,-0.00811863 
513,01:07.4,4560 ,0,0.029700400 ,-0.00861962 
514,01:07.5,4565 ,0,0.029390100 ,-0.00910323 
515,01:07.6,4570 ,0,0.029066900 ,-0.00956866 
516,01:07.7,4575 ,0,0.028733000 ,-0.01001590 
517,01:07.8,4580 ,0,0.028389200 ,-0.01044530 
518,01:07.9,4585 ,0,0.028038300 ,-0.01085470 
519,01:08.0,4590 ,0,0.027678600 ,-0.01124640 
520,01:08.0,4595 ,0,0.027314400 ,-0.01161880 
521,01:08.1,4600 ,0,0.026944700 ,-0.01197320 
522,01:08.2,4605 ,0,0.026567600 ,-0.01231220 
523,01:08.3,4610 ,0,0.026185900 ,-0.01263400 
524,01:08.4,4615 ,0,0.025801500 ,-0.01293870 
525,01:08.5,4620 ,0,0.025411800 ,-0.01322780 
526,01:08.6,4625 ,0,0.025020900 ,-0.01350050 
527,01:08.7,4630 ,0,0.024628400 ,-0.01375750 
528,01:08.7,4635 ,0,0.024233300 ,-0.01399970 
529,01:08.8,4640 ,0,0.023837900 ,-0.01422700 
530,01:08.9,4645 ,0,0.023443200 ,-0.01443910 
531,01:09.0,4650 ,0,0.023049700 ,-0.01463670 
532,01:09.1,4655 ,0,0.022657500 ,-0.01482070 
533,01:09.2,4660 ,0,0.022268800 ,-0.01499060 
534,01:09.3,4665 ,0,0.021882900 ,-0.01514730 
535,01:09.3,4670 ,0,0.021499800 ,-0.01529160 
536,01:09.4,4675 ,0,0.021121100 ,-0.01542350 
537,01:09.5,4680 ,0,0.020746900 ,-0.01554370 
538,01:09.6,4685 ,0,0.020376800 ,-0.01565230 
539,01:09.7,4690 ,0,0.020011800 ,-0.01575020 
540,01:09.7,4695 ,0,0.019653500 ,-0.01583780 
541,01:09.8,4700 ,0,0.019299200 ,-0.01591570 
542,01:09.9,4705 ,0,0.018951200 ,-0.01598420 
543,01:10.0,4710 ,0,0.018608300 ,-0.01604380 
544,01:10.1,4715 ,0,0.018271200 ,-0.01609510 
545,01:11.4,4720 ,0,0.018000200 ,-0.01613820 
546,01:11.4,4725 ,0,0.017670600 ,-0.01617500 
547,01:11.5,4730 ,0,0.017346800 ,-0.01620460 
548,01:11.6,4735 ,0,0.017028500 ,-0.01622710 
549,01:11.7,4740 ,0,0.016715500 ,-0.01624310 
550,01:11.7,4745 ,0,0.016408100 ,-0.01625280 
551,01:11.8,4750 ,0,0.016106400 ,-0.01625680 
552,01:11.9,4755 ,0,0.015810200 ,-0.01625510 
553,01:12.0,4760 ,0,0.015519700 ,-0.01624810 
554,01:12.1,4765 ,0,0.015234700 ,-0.01623620 
555,01:12.1,4770 ,0,0.014956800 ,-0.01622010 
556,01:12.2,4775 ,0,0.014683800 ,-0.01619910 
557,01:12.3,4780 ,0,0.014417300 ,-0.01617410 
558,01:12.4,4785 ,0,0.014157900 ,-0.01614590 
559,01:12.5,4790 ,0,0.013902300 ,-0.01611360 
560,01:12.5,4795 ,0,0.013652100 ,-0.01607810 
561,01:12.6,4800 ,0,0.013408300 ,-0.01603980 
562,01:12.7,4805 ,0,0.013168400 ,-0.01599800 
563,01:13.2,4810 ,0,0.012946100 ,-0.01595820 
564,01:13.5,4815 ,0,0.012721000 ,-0.01591290 
565,01:13.7,4820 ,0,0.012494400 ,-0.01586310 
566,01:14.0,4825 ,0,0.012270400 ,-0.01581060 
567,01:14.1,4830 ,0,0.012054100 ,-0.01575670 
568,01:14.4,4835 ,0,0.011842300 ,-0.01570080 
569,01:14.6,4840 ,0,0.011634500 ,-0.01564290 
570,01:14.8,4845 ,0,0.011429900 ,-0.01558280 
571,01:15.0,4850 ,0,0.011227900 ,-0.01552030 
572,01:15.1,4855 ,0,0.011031700 ,-0.01545710 
573,01:15.4,4860 ,0,0.010838300 ,-0.01539190 
574,01:15.6,4865 ,0,0.010650900 ,-0.01532630 
575,01:15.8,4870 ,0,0.010467900 ,-0.01525970 
576,01:16.1,4875 ,0,0.010286000 ,-0.01519070 
577,01:16.4,4880 ,0,0.010110100 ,-0.01512190 
578,01:16.8,4885 ,0,0.009947700 ,-0.01505720 
579,01:17.1,4890 ,0,0.009789470 ,-0.01499210 
580,01:17.4,4895 ,0,0.009631850 ,-0.01492490 
581,01:17.8,4900 ,0,0.009474600 ,-0.01485560 
582,01:18.1,4905 ,0,0.009318750 ,-0.01478470 
583,01:18.3,4910 ,0,0.009164800 ,-0.01471250 
584,01:18.5,4915 ,0,0.009012940 ,-0.01463910 
585,01:18.7,4920 ,0,0.008864110 ,-0.01456530 
586,01:18.9,4925 ,0,0.008718780 ,-0.01449130 
587,01:19.1,4930 ,0,0.008578780 ,-0.01441860 
588,01:19.4,4935 ,0,0.008444620 ,-0.01434770 
589,01:19.5,4940 ,0,0.008310870 ,-0.01427470 
590,01:19.6,4945 ,0,0.008179260 ,-0.01420120 
591,01:19.7,4950 ,0,0.008050850 ,-0.01412800 
592,01:19.8,4955 ,0,0.007926100 ,-0.01405550 
593,01:19.8,4960 ,0,0.007804700 ,-0.01398360 
594,01:19.9,4965 ,0,0.007686430 ,-0.01391220 
595,01:20.0,4970 ,0,0.007571420 ,-0.01384170 
596,01:34.1,4975 ,0,0.007524290 ,-0.01382430 
597,01:34.2,4980 ,0,0.007410940 ,-0.01375230 
598,01:34.3,4985 ,0,0.007300040 ,-0.01368050 
599,01:34.4,4990 ,0,0.007191690 ,-0.01360920 
600,01:34.5,4995 ,0,0.007085840 ,-0.01353840 
601,01:34.5,5000 ,0,0.006982000 ,-0.01346780 
602,01:34.6,5005 ,0,0.006880160 ,-0.01339730 
603,01:36.9,5010 ,0,0.006778460 ,-0.01332690 
604,01:37.0,5015 ,0,0.006680120 ,-0.01325650 
605,01:37.1,5020 ,0,0.006583650 ,-0.01318620 
606,01:37.2,5025 ,0,0.006488620 ,-0.01311590 
607,01:37.3,5030 ,0,0.006395490 ,-0.01304600 
608,01:37.4,5035 ,0,0.006304380 ,-0.01297660 
609,01:37.5,5040 ,0,0.006215290 ,-0.01290790 
610,01:37.5,5045 ,0,0.006128180 ,-0.01283970 
611,01:37.6,5050 ,0,0.006042960 ,-0.01277210 
612,01:37.7,5055 ,0,0.005959660 ,-0.01270520 
613,01:37.8,5060 ,0,0.005878240 ,-0.01263880 
614,01:37.8,5065 ,0,0.005798320 ,-0.01257280 
615,01:37.9,5070 ,0,0.005719930 ,-0.01250740 
616,01:38.0,5075 ,0,0.005643040 ,-0.01244230 
617,01:38.1,5080 ,0,0.005567520 ,-0.01237760 
618,01:38.2,5085 ,0,0.005493360 ,-0.01231320 
619,01:38.3,5090 ,0,0.005420780 ,-0.01224950 
620,01:38.4,5095 ,0,0.005349490 ,-0.01218620 
621,01:38.5,5100 ,0,0.005279550 ,-0.01212340 
622,01:38.6,5105 ,0,0.005210870 ,-0.01206090 
623,01:38.7,5110 ,0,0.005143500 ,-0.01199890 
624,01:38.8,5115 ,0,0.005077580 ,-0.01193750 
625,01:38.9,5120 ,0,0.005012900 ,-0.01187670 
626,01:39.0,5125 ,0,0.004949570 ,-0.01181650 
627,01:39.0,5130 ,0,0.004887550 ,-0.01175690 
628,01:39.1,5135 ,0,0.004826600 ,-0.01169760 
629,01:39.2,5140 ,0,0.004766760 ,-0.01163880 
630,01:39.3,5145 ,0,0.004708110 ,-0.01158070 
631,01:39.3,5150 ,0,0.004650270 ,-0.01152280 
632,01:39.4,5155 ,0,0.004593440 ,-0.01146520 
633,01:39.5,5160 ,0,0.004537600 ,-0.01140820 
634,01:39.7,5165 ,0,0.004482870 ,-0.01135180 
635,01:39.8,5170 ,0,0.004429000 ,-0.01129560 
636,01:39.8,5175 ,0,0.004376120 ,-0.01123980 
637,01:40.0,5180 ,0,0.004324070 ,-0.01118460 
638,01:40.0,5185 ,0,0.004272850 ,-0.01112960 
639,01:40.1,5190 ,0,0.004222480 ,-0.01107490 
640,01:40.2,5195 ,0,0.004172980 ,-0.01102070 
641,01:40.3,5200 ,0,0.004124310 ,-0.01096700 
642,01:40.4,5205 ,0,0.004076520 ,-0.01091370 
643,01:40.5,5210 ,0,0.004029460 ,-0.01086080 
644,01:40.5,5215 ,0,0.003983230 ,-0.01080830 
645,01:40.6,5220 ,0,0.003937760 ,-0.01075640 
646,01:40.8,5225 ,0,0.003893020 ,-0.01070480 
647,01:40.8,5230 ,0,0.003849040 ,-0.01065360 
648,01:40.9,5235 ,0,0.003805740 ,-0.01060280 
649,01:41.0,5240 ,0,0.003763160 ,-0.01055230 
650,01:41.1,5245 ,0,0.003721240 ,-0.01050220 
651,01:41.2,5250 ,0,0.003679990 ,-0.01045250 
652,01:41.3,5255 ,0,0.003639280 ,-0.01040320 
653,01:41.4,5260 ,0,0.003599200 ,-0.01035410 
654,01:41.5,5265 ,0,0.003559780 ,-0.01030540 
655,01:41.5,5270 ,0,0.003521000 ,-0.01025720 
656,01:41.6,5275 ,0,0.003482890 ,-0.01020940 
657,01:41.7,5280 ,0,0.003445500 ,-0.01016230 
658,01:41.8,5285 ,0,0.003408750 ,-0.01011550 
659,01:41.9,5290 ,0,0.003372550 ,-0.01006910 
660,01:42.0,5295 ,0,0.003336930 ,-0.01002310 
661,01:42.1,5300 ,0,0.003301900 ,-0.00997759 
662,01:42.2,5305 ,0,0.003267490 ,-0.00993245 
663,01:42.3,5310 ,0,0.003233660 ,-0.00988777 
664,01:42.4,5315 ,0,0.003200320 ,-0.00984338 
665,01:42.5,5320 ,0,0.003167450 ,-0.00979935 
666,01:42.5,5325 ,0,0.003135090 ,-0.00975570 
667,01:44.1,5330 ,0,0.003103620 ,-0.00971511 
668,01:44.2,5335 ,0,0.003072320 ,-0.00967201 
669,01:44.3,5340 ,0,0.003041530 ,-0.00962944 
670,01:44.4,5345 ,0,0.003011170 ,-0.00958712 
671,01:44.4,5350 ,0,0.002981270 ,-0.00954518 
672,01:44.5,5355 ,0,0.002951780 ,-0.00950367 
673,01:44.6,5360 ,0,0.002922720 ,-0.00946240 
674,01:44.7,5365 ,0,0.002894070 ,-0.00942156 
675,01:44.8,5370 ,0,0.002865690 ,-0.00938088 
676,01:44.9,5375 ,0,0.002837740 ,-0.00934045 
677,01:45.0,5380 ,0,0.002810170 ,-0.00930031 
678,01:45.1,5385 ,0,0.002783070 ,-0.00926060 
679,01:45.2,5390 ,0,0.002756430 ,-0.00922136 
680,01:45.3,5395 ,0,0.002730240 ,-0.00918258 
681,01:45.4,5400 ,0,0.002704500 ,-0.00914419 
682,01:45.5,5405 ,0,0.002679070 ,-0.00910608 
683,01:45.6,5410 ,0,0.002653990 ,-0.00906835 
684,01:45.7,5415 ,0,0.002629320 ,-0.00903092 
685,01:45.8,5420 ,0,0.002605010 ,-0.00899386 
686,01:45.9,5425 ,0,0.002580960 ,-0.00895685 
687,01:46.0,5430 ,0,0.002557250 ,-0.00892009 
688,01:46.1,5435 ,0,0.002533790 ,-0.00888366 
689,01:46.2,5440 ,0,0.002510630 ,-0.00884742 
690,01:46.3,5445 ,0,0.002487820 ,-0.00881148 
691,01:46.4,5450 ,0,0.002465330 ,-0.00877583 
692,01:46.5,5455 ,0,0.002443140 ,-0.00874047 
693,01:46.6,5460 ,0,0.002421200 ,-0.00870532 
694,01:46.7,5465 ,0,0.002399540 ,-0.00867048 
695,01:46.8,5470 ,0,0.002378200 ,-0.00863593 
696,01:46.8,5475 ,0,0.002357160 ,-0.00860164 
697,01:47.0,5480 ,0,0.002336420 ,-0.00856762 
698,01:47.0,5485 ,0,0.002315870 ,-0.00853374 
699,01:47.1,5490 ,0,0.002295650 ,-0.00850020 
700,01:47.2,5495 ,0,0.002275670 ,-0.00846693 
701,01:47.3,5500 ,0,0.002255970 ,-0.00843394 
702,01:47.4,5505 ,0,0.002236520 ,-0.00840114 
703,01:47.5,5510 ,0,0.002217310 ,-0.00836875 
704,01:47.6,5515 ,0,0.002198470 ,-0.00833656 
705,01:47.7,5520 ,0,0.002179860 ,-0.00830474 
706,01:47.8,5525 ,0,0.002161500 ,-0.00827326 
707,01:47.9,5530 ,0,0.002143440 ,-0.00824201 
708,01:48.0,5535 ,0,0.002125540 ,-0.00821085 
709,01:48.1,5540 ,0,0.002107880 ,-0.00818001 
710,01:48.2,5545 ,0,0.002090440 ,-0.00814946 
711,01:48.3,5550 ,0,0.002073180 ,-0.00811899 
712,01:48.4,5555 ,0,0.002056080 ,-0.00808870 
713,01:48.5,5560 ,0,0.002039210 ,-0.00805860 
714,01:48.6,5565 ,0,0.002022510 ,-0.00802862 
715,01:48.8,5570 ,0,0.002005950 ,-0.00799873 
716,01:48.9,5575 ,0,0.001989520 ,-0.00796903 
717,01:48.9,5580 ,0,0.001973350 ,-0.00793948 
718,01:49.0,5585 ,0,0.001957430 ,-0.00791026 
719,01:49.1,5590 ,0,0.001941670 ,-0.00788123 
720,01:49.2,5595 ,0,0.001926070 ,-0.00785236 
721,01:49.3,5600 ,0,0.001910700 ,-0.00782377 
722,01:49.4,5605 ,0,0.001895510 ,-0.00779535 
723,01:49.5,5610 ,0,0.001880480 ,-0.00776715 
724,01:49.6,5615 ,0,0.001865500 ,-0.00773891 
725,01:49.7,5620 ,0,0.001850780 ,-0.00771099 
726,01:49.8,5625 ,0,0.001836280 ,-0.00768334 
727,01:49.8,5630 ,0,0.001822020 ,-0.00765614 
728,01:49.9,5635 ,0,0.001808030 ,-0.00762913 
729,01:50.0,5640 ,0,0.001794170 ,-0.00760251 
730,01:50.1,5645 ,0,0.001780500 ,-0.00757597 
731,01:50.2,5650 ,0,0.001767020 ,-0.00754969 
732,01:50.3,5655 ,0,0.001753650 ,-0.00752362 
733,01:50.4,5660 ,0,0.001740470 ,-0.00749780 
734,01:50.5,5665 ,0,0.001727430 ,-0.00747215 
735,01:50.5,5670 ,0,0.001714560 ,-0.00744660 
736,01:50.6,5675 ,0,0.001701830 ,-0.00742118 
737,01:50.7,5680 ,0,0.001689170 ,-0.00739598 
738,01:50.8,5685 ,0,0.001676640 ,-0.00737093 
739,01:50.9,5690 ,0,0.001664320 ,-0.00734598 
740,01:51.0,5695 ,0,0.001652080 ,-0.00732126 
741,01:51.1,5700 ,0,0.001640020 ,-0.00729663 
742,01:51.2,5705 ,0,0.001628060 ,-0.00727224 
743,01:51.3,5710 ,0,0.001616200 ,-0.00724796 
744,01:51.4,5715 ,0,0.001604540 ,-0.00722387 
745,01:51.5,5720 ,0,0.001592990 ,-0.00719993 
746,01:51.5,5725 ,0,0.001581570 ,-0.00717619 
747,01:51.6,5730 ,0,0.001570270 ,-0.00715260 
748,01:51.8,5735 ,0,0.001559050 ,-0.00712919 
749,01:51.9,5740 ,0,0.001548030 ,-0.00710592 
750,01:52.0,5745 ,0,0.001537040 ,-0.00708282 
751,01:52.0,5750 ,0,0.001526190 ,-0.00705977 
752,01:52.1,5755 ,0,0.001515470 ,-0.00703685 
753,01:52.2,5760 ,0,0.001504830 ,-0.00701407 
754,01:52.3,5765 ,0,0.001494260 ,-0.00699138 
755,01:52.4,5770 ,0,0.001483870 ,-0.00696884 
756,01:52.5,5775 ,0,0.001473550 ,-0.00694651 
757,01:52.7,5780 ,0,0.001463290 ,-0.00692430 
758,01:52.7,5785 ,0,0.001453260 ,-0.00690221 
759,01:52.8,5790 ,0,0.001443290 ,-0.00688028 
760,01:52.9,5795 ,0,0.001433400 ,-0.00685850 
761,01:53.0,5800 ,0,0.001423590 ,-0.00683686 
762,01:53.1,5805 ,0,0.001413920 ,-0.00681532 
763,01:53.2,5810 ,0,0.001404370 ,-0.00679391 
764,01:53.3,5815 ,0,0.001394870 ,-0.00677270 
765,01:53.4,5820 ,0,0.001385470 ,-0.00675160 
766,01:53.5,5825 ,0,0.001376190 ,-0.00673066 
767,01:53.5,5830 ,0,0.001367040 ,-0.00670991 
768,01:53.6,5835 ,0,0.001357920 ,-0.00668924 
769,01:53.7,5840 ,0,0.001348930 ,-0.00666867 
770,01:53.8,5845 ,0,0.001340010 ,-0.00664824 
771,01:53.9,5850 ,0,0.001331190 ,-0.00662791 
772,01:54.0,5855 ,0,0.001322380 ,-0.00660765 
773,01:54.1,5860 ,0,0.001313740 ,-0.00658755 
774,01:54.2,5865 ,0,0.001305170 ,-0.00656761 
775,01:54.3,5870 ,0,0.001296680 ,-0.00654780 
776,01:54.4,5875 ,0,0.001288290 ,-0.00652814 
777,01:54.5,5880 ,0,0.001280010 ,-0.00650864 
778,01:54.5,5885 ,0,0.001271820 ,-0.00648924 
779,01:54.6,5890 ,0,0.001263680 ,-0.00646998 
780,01:54.7,5895 ,0,0.001255640 ,-0.00645085 
781,01:54.8,5900 ,0,0.001247660 ,-0.00643178 
782,01:54.9,5905 ,0,0.001239750 ,-0.00641284 
783,01:55.0,5910 ,0,0.001231890 ,-0.00639394 
784,01:55.1,5915 ,0,0.001224150 ,-0.00637516 
785,01:55.2,5920 ,0,0.001216430 ,-0.00635652 
786,01:55.3,5925 ,0,0.001208820 ,-0.00633804 
787,01:55.3,5930 ,0,0.001201310 ,-0.00631972 
788,01:55.4,5935 ,0,0.001193920 ,-0.00630157 
789,01:55.5,5940 ,0,0.001186550 ,-0.00628356 
790,01:55.6,5945 ,0,0.001179290 ,-0.00626560 
791,01:55.7,5950 ,0,0.001172070 ,-0.00624781 
792,01:55.8,5955 ,0,0.001164940 ,-0.00623016 
793,01:55.9,5960 ,0,0.001157840 ,-0.00621253 
794,01:56.0,5965 ,0,0.001150860 ,-0.00619499 
795,01:56.0,5970 ,0,0.001143890 ,-0.00617760 
796,01:56.1,5975 ,0,0.001137010 ,-0.00616023 
797,01:56.2,5980 ,0,0.001130200 ,-0.00614302 
798,01:56.3,5985 ,0,0.001123430 ,-0.00612596 
799,01:56.4,5990 ,0,0.001116760 ,-0.00610892 
800,01:56.5,5995 ,0,0.001110080 ,-0.00609199 
801,01:56.5,6000 ,0,0.001103530 ,-0.00607508 
802,01:56.6,6005 ,0,0.001096970 ,-0.00605832 
803,01:56.7,6010 ,0,0.001090500 ,-0.00604162 
804,01:56.8,6015 ,0,0.001084040 ,-0.00602501 
805,01:56.9,6020 ,0,0.001077690 ,-0.00600848 
806,01:57.0,6025 ,0,0.001071390 ,-0.00599209 
807,01:57.1,6030 ,0,0.001065190 ,-0.00597590 
808,01:57.2,6035 ,0,0.001059000 ,-0.00595985 
809,01:57.3,6040 ,0,0.001052930 ,-0.00594394 
810,01:57.4,6045 ,0,0.001046920 ,-0.00592813 
811,01:57.5,6050 ,0,0.001041000 ,-0.00591244 
812,01:57.6,6055 ,0,0.001035080 ,-0.00589693 
813,01:57.7,6060 ,0,0.001029240 ,-0.00588140 
814,01:57.8,6065 ,0,0.001023430 ,-0.00586591 
815,01:57.9,6070 ,0,0.001017690 ,-0.00585050 
816,01:58.0,6075 ,0,0.001011950 ,-0.00583516 
817,01:58.1,6080 ,0,0.001006290 ,-0.00581988 
818,01:58.2,6085 ,0,0.001000670 ,-0.00580470 
819,01:58.3,6090 ,0,0.000995129 ,-0.00578967 
820,01:58.4,6095 ,0,0.000989603 ,-0.00577473 
821,01:58.5,6100 ,0,0.000984152 ,-0.00575991 
822,01:58.6,6105 ,0,0.000978714 ,-0.00574513 
823,01:58.7,6110 ,0,0.000973336 ,-0.00573037 
824,01:58.8,6115 ,0,0.000967996 ,-0.00571567 
825,01:58.9,6120 ,0,0.000962704 ,-0.00570105 
826,01:59.0,6125 ,0,0.000957450 ,-0.00568653 
827,01:59.0,6130 ,0,0.000952276 ,-0.00567205 
828,01:59.1,6135 ,0,0.000947087 ,-0.00565765 
829,01:59.2,6140 ,0,0.000941945 ,-0.00564335 
830,01:59.3,6145 ,0,0.000936886 ,-0.00562915 
831,01:59.4,6150 ,0,0.000931849 ,-0.00561502 
832,01:59.5,6155 ,0,0.000926865 ,-0.00560095 
833,01:59.6,6160 ,0,0.000921940 ,-0.00558704 
834,01:59.7,6165 ,0,0.000917050 ,-0.00557319 
835,01:59.8,6170 ,0,0.000912175 ,-0.00555937 
836,01:59.9,6175 ,0,0.000907333 ,-0.00554565 
837,02:00.0,6180 ,0,0.000902532 ,-0.00553196 
838,02:00.2,6185 ,0,0.000897765 ,-0.00551830 
839,02:00.3,6190 ,0,0.000893048 ,-0.00550473 
840,02:00.4,6195 ,0,0.000888428 ,-0.00549136 
841,02:00.5,6200 ,0,0.000883805 ,-0.00547808 
842,02:00.6,6205 ,0,0.000879258 ,-0.00546484 
843,02:00.8,6210 ,0,0.000874685 ,-0.00545165 
844,02:00.9,6215 ,0,0.000870194 ,-0.00543855 
845,02:01.0,6220 ,0,0.000865763 ,-0.00542555 
846,02:01.1,6225 ,0,0.000861354 ,-0.00541269 
847,02:01.2,6230 ,0,0.000856970 ,-0.00539982 
848,02:01.3,6235 ,0,0.000852607 ,-0.00538702 
849,02:01.4,6240 ,0,0.000848313 ,-0.00537420 
850,02:01.5,6245 ,0,0.000844003 ,-0.00536143 
851,02:01.5,6250 ,0,0.000839725 ,-0.00534870 
852,02:01.6,6255 ,0,0.000835506 ,-0.00533603 
853,02:01.7,6260 ,0,0.000831291 ,-0.00532348 
854,02:01.8,6265 ,0,0.000827095 ,-0.00531094 
855,02:01.9,6270 ,0,0.000822959 ,-0.00529845 
856,02:02.0,6275 ,0,0.000818853 ,-0.00528601 
857,02:02.1,6280 ,0,0.000814751 ,-0.00527367 
858,02:02.2,6285 ,0,0.000810717 ,-0.00526135 
859,02:02.3,6290 ,0,0.000806679 ,-0.00524910 
860,02:02.4,6295 ,0,0.000802709 ,-0.00523692 
861,02:02.5,6300 ,0,0.000798697 ,-0.00522474 
862,02:02.6,6305 ,0,0.000794789 ,-0.00521264 
863,02:02.7,6310 ,0,0.000790872 ,-0.00520060 
864,02:02.8,6315 ,0,0.000787014 ,-0.00518871 
865,02:02.9,6320 ,0,0.000783174 ,-0.00517681 
866,02:03.0,6325 ,0,0.000779363 ,-0.00516499 
867,02:03.0,6330 ,0,0.000775556 ,-0.00515316 
868,02:03.1,6335 ,0,0.000771783 ,-0.00514136 
869,02:03.2,6340 ,0,0.000768049 ,-0.00512960 
870,02:03.3,6345 ,0,0.000764330 ,-0.00511795 
871,02:03.4,6350 ,0,0.000760652 ,-0.00510647 
872,02:03.5,6355 ,0,0.000757063 ,-0.00509508 
873,02:03.6,6360 ,0,0.000753433 ,-0.00508374 
874,02:03.7,6365 ,0,0.000749866 ,-0.00507244 
875,02:03.8,6370 ,0,0.000746334 ,-0.00506118 
876,02:03.9,6375 ,0,0.000742823 ,-0.00504999 
877,02:04.0,6380 ,0,0.000739350 ,-0.00503888 
878,02:04.0,6385 ,0,0.000735878 ,-0.00502780 
879,02:04.1,6390 ,0,0.000732448 ,-0.00501667 
880,02:04.2,6395 ,0,0.000728980 ,-0.00500567 
881,02:04.3,6400 ,0,0.000725581 ,-0.00499467 
882,02:04.4,6405 ,0,0.000722199 ,-0.00498373 
883,02:04.5,6410 ,0,0.000718853 ,-0.00497288 
884,02:04.6,6415 ,0,0.000715541 ,-0.00496209 
885,02:04.7,6420 ,0,0.000712219 ,-0.00495136 
886,02:04.8,6425 ,0,0.000708983 ,-0.00494070 
887,02:04.9,6430 ,0,0.000705736 ,-0.00493008 
888,02:05.0,6435 ,0,0.000702495 ,-0.00491955 
889,02:05.1,6440 ,0,0.000699332 ,-0.00490902 
890,02:05.2,6445 ,0,0.000696111 ,-0.00489855 
891,02:05.3,6450 ,0,0.000692956 ,-0.00488809 
892,02:05.4,6455 ,0,0.000689836 ,-0.00487767 
893,02:05.5,6460 ,0,0.000686699 ,-0.00486733 
894,02:05.6,6465 ,0,0.000683621 ,-0.00485698 
895,02:05.7,6470 ,0,0.000680507 ,-0.00484670 
896,02:05.8,6475 ,0,0.000677476 ,-0.00483641 
897,02:05.9,6480 ,0,0.000674436 ,-0.00482616 
898,02:06.0,6485 ,0,0.000671393 ,-0.00481595 
899,02:06.1,6490 ,0,0.000668387 ,-0.00480574 
900,02:06.2,6495 ,0,0.000665360 ,-0.00479560 
901,02:06.2,6500 ,0,0.000662407 ,-0.00478552 
902,02:06.3,6505 ,0,0.000659473 ,-0.00477553 
903,02:06.4,6510 ,0,0.000656564 ,-0.00476557 
904,02:06.5,6515 ,0,0.000653665 ,-0.00475570 
905,02:06.6,6520 ,0,0.000650800 ,-0.00474586 
906,02:06.7,6525 ,0,0.000647946 ,-0.00473606 
907,02:06.8,6530 ,0,0.000645102 ,-0.00472628 
908,02:06.9,6535 ,0,0.000642308 ,-0.00471657 
909,02:07.0,6540 ,0,0.000639497 ,-0.00470694 
910,02:07.1,6545 ,0,0.000636744 ,-0.00469738 
911,02:07.2,6550 ,0,0.000633996 ,-0.00468784 
912,02:07.2,6555 ,0,0.000631265 ,-0.00467836 
913,02:07.3,6560 ,0,0.000628551 ,-0.00466890 
914,02:07.5,6565 ,0,0.000625891 ,-0.00465952 
915,02:07.5,6570 ,0,0.000623202 ,-0.00465012 
916,02:07.7,6575 ,0,0.000620524 ,-0.00464079 
917,02:07.7,6580 ,0,0.000617879 ,-0.00463144 
918,02:07.8,6585 ,0,0.000615249 ,-0.00462215 
919,02:08.0,6590 ,0,0.000612608 ,-0.00461291 
920,02:08.0,6595 ,0,0.000610030 ,-0.00460370 
921,02:08.1,6600 ,0,0.000607460 ,-0.00459450 
922,02:08.2,6605 ,0,0.000604902 ,-0.00458534 
923,02:08.3,6610 ,0,0.000602349 ,-0.00457623 
924,02:08.4,6615 ,0,0.000599814 ,-0.00456716 
925,02:08.5,6620 ,0,0.000597306 ,-0.00455814 
926,02:08.6,6625 ,0,0.000594773 ,-0.00454914 
927,02:08.7,6630 ,0,0.000592317 ,-0.00454018 
928,02:08.8,6635 ,0,0.000589845 ,-0.00453127 
929,02:08.9,6640 ,0,0.000587410 ,-0.00452240 
930,02:09.0,6645 ,0,0.000584969 ,-0.00451355 
931,02:09.0,6650 ,0,0.000582538 ,-0.00450474 
932,02:09.1,6655 ,0,0.000580132 ,-0.00449594 
933,02:09.2,6660 ,0,0.000577761 ,-0.00448721 
934,02:09.3,6665 ,0,0.000575369 ,-0.00447852 
935,02:09.4,6670 ,0,0.000573026 ,-0.00446982 
936,02:09.5,6675 ,0,0.000570660 ,-0.00446120 
937,02:09.6,6680 ,0,0.000568353 ,-0.00445259 
938,02:09.7,6685 ,0,0.000566040 ,-0.00444403 
939,02:09.8,6690 ,0,0.000563733 ,-0.00443549 
940,02:09.9,6695 ,0,0.000561442 ,-0.00442698 
941,02:10.0,6700 ,0,0.000559174 ,-0.00441848 
942,02:10.1,6705 ,0,0.000556878 ,-0.00440999 
943,02:10.2,6710 ,0,0.000554615 ,-0.00440149 
944,02:10.3,6715 ,0,0.000552368 ,-0.00439300 
945,02:10.4,6720 ,0,0.000550115 ,-0.00438459 
946,02:10.5,6725 ,0,0.000547925 ,-0.00437628 
947,02:10.6,6730 ,0,0.000545729 ,-0.00436798 
948,02:10.7,6735 ,0,0.000543563 ,-0.00435977 
949,02:10.8,6740 ,0,0.000541411 ,-0.00435161 
950,02:10.9,6745 ,0,0.000539268 ,-0.00434350 
951,02:11.0,6750 ,0,0.000537138 ,-0.00433541 
952,02:11.1,6755 ,0,0.000535022 ,-0.00432740 
953,02:11.2,6760 ,0,0.000532938 ,-0.00431936 
954,02:11.3,6765 ,0,0.000530826 ,-0.00431136 
955,02:11.4,6770 ,0,0.000528753 ,-0.00430335 
956,02:11.5,6775 ,0,0.000526704 ,-0.00429538 
957,02:11.6,6780 ,0,0.000524642 ,-0.00428746 
958,02:11.7,6785 ,0,0.000522575 ,-0.00427956 
959,02:11.8,6790 ,0,0.000520559 ,-0.00427163 
960,02:11.9,6795 ,0,0.000518512 ,-0.00426372 
961,02:12.0,6800 ,0,0.000516480 ,-0.00425587 
962,02:12.1,6805 ,0,0.000514477 ,-0.00424802 
963,02:12.2,6810 ,0,0.000512501 ,-0.00424021 
964,02:12.3,6815 ,0,0.000510502 ,-0.00423242 
965,02:12.4,6820 ,0,0.000508534 ,-0.00422466 
966,02:12.4,6825 ,0,0.000506566 ,-0.00421690 
967,02:12.5,6830 ,0,0.000504630 ,-0.00420922 
968,02:12.6,6835 ,0,0.000502701 ,-0.00420154 
969,02:12.7,6840 ,0,0.000500766 ,-0.00419391 
970,02:12.8,6845 ,0,0.000498832 ,-0.00418630 
971,02:12.9,6850 ,0,0.000496961 ,-0.00417875 
972,02:13.0,6855 ,0,0.000495054 ,-0.00417121 
973,02:13.1,6860 ,0,0.000493175 ,-0.00416370 
974,02:13.2,6865 ,0,0.000491290 ,-0.00415621 
975,02:13.3,6870 ,0,0.000489447 ,-0.00414879 
976,02:13.4,6875 ,0,0.000487597 ,-0.00414135 
977,02:13.5,6880 ,0,0.000485771 ,-0.00413396 
978,02:13.6,6885 ,0,0.000483945 ,-0.00412659 
979,02:13.7,6890 ,0,0.000482129 ,-0.00411926 
980,02:13.8,6895 ,0,0.000480351 ,-0.00411198 
981,02:13.9,6900 ,0,0.000478560 ,-0.00410474 
982,02:14.0,6905 ,0,0.000476789 ,-0.00409758 
983,02:14.0,6910 ,0,0.000475030 ,-0.00409039 
984,02:14.2,6915 ,0,0.000473274 ,-0.00408327 
985,02:14.3,6920 ,0,0.000471528 ,-0.00407615 
986,02:14.4,6925 ,0,0.000469793 ,-0.00406904 
987,02:14.5,6930 ,0,0.000468076 ,-0.00406198 
988,02:14.6,6935 ,0,0.000466374 ,-0.00405495 
989,02:14.7,6940 ,0,0.000464667 ,-0.00404793 
990,02:14.7,6945 ,0,0.000462998 ,-0.00404095 
991,02:14.8,6950 ,0,0.000461302 ,-0.00403401 
992,02:15.0,6955 ,0,0.000459638 ,-0.00402715 
993,02:15.0,6960 ,0,0.000457998 ,-0.00402027 
994,02:15.1,6965 ,0,0.000456342 ,-0.00401345 
995,02:15.2,6970 ,0,0.000454707 ,-0.00400664 
996,02:15.3,6975 ,0,0.000453082 ,-0.00399986 
997,02:15.4,6980 ,0,0.000451482 ,-0.00399314 
998,02:15.5,6985 ,0,0.000449869 ,-0.00398643 
999,02:15.6,6990 ,0,0.000448261 ,-0.00397976 
1000,02:15.7,6995 ,0,0.000446691 ,-0.00397311 
1001,02:15.8,7000 ,0,0.000445102 ,-0.00396646 
1002,02:15.9,7005 ,0,0.000443536 ,-0.00395987 
1003,02:16.0,7010 ,0,0.000441994 ,-0.00395329 
1004,02:16.1,7015 ,0,0.000440442 ,-0.00394674 
1005,02:16.2,7020 ,0,0.000438886 ,-0.00394022 
1006,02:16.3,7025 ,0,0.000437372 ,-0.00393370 
1007,02:16.4,7030 ,0,0.000435842 ,-0.00392724 
1008,02:16.5,7035 ,0,0.000434333 ,-0.00392077 
1009,02:16.6,7040 ,0,0.000432803 ,-0.00391435 
1010,02:16.7,7045 ,0,0.000431323 ,-0.00390795 
1011,02:16.8,7050 ,0,0.000429824 ,-0.00390151 
1012,02:16.8,7055 ,0,0.000428333 ,-0.00389510 
1013,02:16.9,7060 ,0,0.000426879 ,-0.00388872 
1014,02:17.0,7065 ,0,0.000425391 ,-0.00388238 
1015,02:17.1,7070 ,0,0.000423946 ,-0.00387608 
1016,02:17.2,7075 ,0,0.000422492 ,-0.00386983 
1017,02:17.3,7080 ,0,0.000421040 ,-0.00386354 
1018,02:17.5,7085 ,0,0.000419574 ,-0.00385725 
1019,02:17.6,7090 ,0,0.000418161 ,-0.00385096 
1020,02:17.6,7095 ,0,0.000416702 ,-0.00384467 
1021,02:17.7,7100 ,0,0.000415295 ,-0.00383843 
1022,02:17.8,7105 ,0,0.000413869 ,-0.00383219 
1023,02:17.9,7110 ,0,0.000412422 ,-0.00382596 
1024,02:18.0,7115 ,0,0.000411048 ,-0.00381981 
1025,02:18.1,7120 ,0,0.000409674 ,-0.00381374 
1026,02:18.3,7125 ,0,0.000408289 ,-0.00380769 
1027,02:18.3,7130 ,0,0.000406938 ,-0.00380166 
1028,02:18.5,7135 ,0,0.000405583 ,-0.00379564 
1029,02:18.5,7140 ,0,0.000404217 ,-0.00378966 
1030,02:18.6,7145 ,0,0.000402873 ,-0.00378368 
1031,02:18.7,7150 ,0,0.000401531 ,-0.00377767 
1032,02:18.8,7155 ,0,0.000400194 ,-0.00377170 
1033,02:18.9,7160 ,0,0.000398863 ,-0.00376573 
1034,02:19.0,7165 ,0,0.000397526 ,-0.00375977 
1035,02:19.1,7170 ,0,0.000396231 ,-0.00375387 
1036,02:19.2,7175 ,0,0.000394919 ,-0.00374797 
1037,02:19.3,7180 ,0,0.000393610 ,-0.00374210 
1038,02:19.4,7185 ,0,0.000392329 ,-0.00373627 
1039,02:19.5,7190 ,0,0.000391021 ,-0.00373044 
1040,02:19.5,7195 ,0,0.000389750 ,-0.00372462 
1041,02:19.6,7200 ,0,0.000388467 ,-0.00371882 
1042,02:19.7,7205 ,0,0.000387180 ,-0.00371306 
1043,02:19.8,7210 ,0,0.000385928 ,-0.00370729 
1044,02:20.0,7215 ,0,0.000384674 ,-0.00370154 
1045,02:20.1,7220 ,0,0.000383410 ,-0.00369581 
1046,02:20.2,7225 ,0,0.000382152 ,-0.00369009 
1047,02:20.3,7230 ,0,0.000380937 ,-0.00368440 
1048,02:20.3,7235 ,0,0.000379669 ,-0.00367875 
1049,02:20.4,7240 ,0,0.000378480 ,-0.00367309 
1050,02:20.5,7245 ,0,0.000377243 ,-0.00366747 
1051,02:20.6,7250 ,0,0.000376024 ,-0.00366188 
1052,02:20.7,7255 ,0,0.000374852 ,-0.00365632 
1053,02:20.8,7260 ,0,0.000373670 ,-0.00365077 
1054,02:20.9,7265 ,0,0.000372452 ,-0.00364529 
1055,02:21.0,7270 ,0,0.000371267 ,-0.00363981 
1056,02:21.1,7275 ,0,0.000370113 ,-0.00363434 
1057,02:21.2,7280 ,0,0.000368945 ,-0.00362892 
1058,02:21.3,7285 ,0,0.000367750 ,-0.00362350 
1059,02:21.3,7290 ,0,0.000366620 ,-0.00361811 
1060,02:21.4,7295 ,0,0.000365482 ,-0.00361275 
1061,02:21.5,7300 ,0,0.000364330 ,-0.00360746 
1062,02:21.6,7305 ,0,0.000363191 ,-0.00360217 
1063,02:21.7,7310 ,0,0.000362097 ,-0.00359689 
1064,02:21.8,7315 ,0,0.000360961 ,-0.00359165 
1065,02:22.0,7320 ,0,0.000359844 ,-0.00358642 
1066,02:22.1,7325 ,0,0.000358732 ,-0.00358115 
1067,02:22.2,7330 ,0,0.000357623 ,-0.00357590 
1068,02:22.3,7335 ,0,0.000356508 ,-0.00357065 
1069,02:22.4,7340 ,0,0.000355413 ,-0.00356544 
1070,02:22.5,7345 ,0,0.000354308 ,-0.00356016 
1071,02:22.6,7350 ,0,0.000353211 ,-0.00355494 
1072,02:22.7,7355 ,0,0.000352133 ,-0.00354973 
1073,02:22.8,7360 ,0,0.000351046 ,-0.00354453 
1074,02:22.9,7365 ,0,0.000349948 ,-0.00353933 
1075,02:23.0,7370 ,0,0.000348888 ,-0.00353418 
1076,02:23.1,7375 ,0,0.000347805 ,-0.00352902 
1077,02:23.2,7380 ,0,0.000346743 ,-0.00352389 
1078,02:23.3,7385 ,0,0.000345692 ,-0.00351875 
1079,02:23.4,7390 ,0,0.000344610 ,-0.00351363 
1080,02:23.4,7395 ,0,0.000343566 ,-0.00350852 
1081,02:23.5,7400 ,0,0.000342535 ,-0.00350346 
1082,02:23.6,7405 ,0,0.000341494 ,-0.00349838 
1083,02:23.7,7410 ,0,0.000340463 ,-0.00349332 
1084,02:23.8,7415 ,0,0.000339447 ,-0.00348829 
1085,02:23.9,7420 ,0,0.000338397 ,-0.00348328 
1086,02:24.0,7425 ,0,0.000337395 ,-0.00347828 
1087,02:24.1,7430 ,0,0.000336364 ,-0.00347327 
1088,02:24.2,7435 ,0,0.000335357 ,-0.00346827 
1089,02:24.3,7440 ,0,0.000334332 ,-0.00346327 
1090,02:24.4,7445 ,0,0.000333320 ,-0.00345829 
1091,02:24.5,7450 ,0,0.000332345 ,-0.00345337 
1092,02:24.6,7455 ,0,0.000331337 ,-0.00344846 
1093,02:24.7,7460 ,0,0.000330354 ,-0.00344363 
1094,02:24.7,7465 ,0,0.000329380 ,-0.00343883 
1095,02:24.8,7470 ,0,0.000328416 ,-0.00343401 
1096,02:24.9,7475 ,0,0.000327444 ,-0.00342926 
1097,02:25.0,7480 ,0,0.000326488 ,-0.00342449 
1098,02:25.1,7485 ,0,0.000325535 ,-0.00341975 
1099,02:25.2,7490 ,0,0.000324604 ,-0.00341505 
1100,02:25.3,7495 ,0,0.000323660 ,-0.00341038 
1101,02:25.4,7500 ,0,0.000322718 ,-0.00340570 
1102,02:25.5,7505 ,0,0.000321786 ,-0.00340102 
1103,02:25.6,7510 ,0,0.000320843 ,-0.00339631 
1104,02:25.7,7515 ,0,0.000319919 ,-0.00339160 
1105,02:25.8,7520 ,0,0.000319005 ,-0.00338693 
1106,02:25.8,7525 ,0,0.000318078 ,-0.00338230 
1107,02:26.0,7530 ,0,0.000317153 ,-0.00337764 
1108,02:26.0,7535 ,0,0.000316230 ,-0.00337297 
1109,02:26.1,7540 ,0,0.000315312 ,-0.00336834 
1110,02:26.2,7545 ,0,0.000314397 ,-0.00336372 
1111,02:26.3,7550 ,0,0.000313499 ,-0.00335910 
1112,02:26.4,7555 ,0,0.000312586 ,-0.00335451 
1113,02:26.5,7560 ,0,0.000311689 ,-0.00334992 
1114,02:26.6,7565 ,0,0.000310785 ,-0.00334532 
1115,02:26.7,7570 ,0,0.000309913 ,-0.00334074 
1116,02:26.9,7575 ,0,0.000308996 ,-0.00333619 
1117,02:27.0,7580 ,0,0.000308126 ,-0.00333164 
1118,02:27.1,7585 ,0,0.000307242 ,-0.00332710 
1119,02:27.2,7590 ,0,0.000306353 ,-0.00332256 
1120,02:27.3,7595 ,0,0.000305499 ,-0.00331807 
1121,02:27.4,7600 ,0,0.000304632 ,-0.00331358 
1122,02:27.5,7605 ,0,0.000303768 ,-0.00330911 
1123,02:27.6,7610 ,0,0.000302888 ,-0.00330461 
1124,02:27.7,7615 ,0,0.000302020 ,-0.00330012 
1125,02:27.8,7620 ,0,0.000301168 ,-0.00329567 
1126,02:28.0,7625 ,0,0.000300338 ,-0.00329129 
1127,02:28.1,7630 ,0,0.000299508 ,-0.00328694 
1128,02:28.2,7635 ,0,0.000298684 ,-0.00328263 
1129,02:28.3,7640 ,0,0.000297848 ,-0.00327833 
1130,02:28.4,7645 ,0,0.000297024 ,-0.00327400 
1131,02:28.5,7650 ,0,0.000296196 ,-0.00326976 
1132,02:28.7,7655 ,0,0.000295384 ,-0.00326544 
1133,02:28.8,7660 ,0,0.000294579 ,-0.00326118 
1134,02:28.9,7665 ,0,0.000293756 ,-0.00325690 
1135,02:29.0,7670 ,0,0.000292924 ,-0.00325263 
1136,02:29.1,7675 ,0,0.000292150 ,-0.00324838 
1137,02:29.2,7680 ,0,0.000291339 ,-0.00324409 
1138,02:29.3,7685 ,0,0.000290532 ,-0.00323983 
1139,02:29.4,7690 ,0,0.000289723 ,-0.00323557 
1140,02:29.5,7695 ,0,0.000288938 ,-0.00323133 
1141,02:29.6,7700 ,0,0.000288139 ,-0.00322708 
1142,02:29.7,7705 ,0,0.000287353 ,-0.00322289 
1143,02:29.8,7710 ,0,0.000286552 ,-0.00321870 
1144,02:29.9,7715 ,0,0.000285790 ,-0.00321452 
1145,02:30.0,7720 ,0,0.000285008 ,-0.00321035 
1146,02:30.1,7725 ,0,0.000284230 ,-0.00320618 
1147,02:30.2,7730 ,0,0.000283456 ,-0.00320201 
1148,02:30.3,7735 ,0,0.000282672 ,-0.00319787 
1149,02:30.4,7740 ,0,0.000281930 ,-0.00319374 
1150,02:30.5,7745 ,0,0.000281154 ,-0.00318962 
1151,02:30.6,7750 ,0,0.000280395 ,-0.00318553 
1152,02:30.7,7755 ,0,0.000279644 ,-0.00318141 
1153,02:30.8,7760 ,0,0.000278891 ,-0.00317735 
1154,02:30.9,7765 ,0,0.000278144 ,-0.00317324 
1155,02:31.0,7770 ,0,0.000277393 ,-0.00316919 
1156,02:31.0,7775 ,0,0.000276636 ,-0.00316515 
1157,02:31.1,7780 ,0,0.000275921 ,-0.00316112 
1158,02:31.2,7785 ,0,0.000275181 ,-0.00315707 
1159,02:31.3,7790 ,0,0.000274431 ,-0.00315307 
1160,02:31.4,7795 ,0,0.000273716 ,-0.00314906 
1161,02:31.5,7800 ,0,0.000272980 ,-0.00314507 
1162,02:31.6,7805 ,0,0.000272256 ,-0.00314107 
1163,02:31.7,7810 ,0,0.000271533 ,-0.00313710 
1164,02:31.8,7815 ,0,0.000270812 ,-0.00313312 
1165,02:31.9,7820 ,0,0.000270093 ,-0.00312916 
1166,02:32.0,7825 ,0,0.000269378 ,-0.00312521 
1167,02:32.1,7830 ,0,0.000268665 ,-0.00312130 
1168,02:32.2,7835 ,0,0.000267957 ,-0.00311738 
1169,02:32.3,7840 ,0,0.000267247 ,-0.00311349 
1170,02:32.4,7845 ,0,0.000266556 ,-0.00310960 
1171,02:32.5,7850 ,0,0.000265873 ,-0.00310575 
1172,02:32.6,7855 ,0,0.000265185 ,-0.00310188 
1173,02:32.7,7860 ,0,0.000264485 ,-0.00309805 
1174,02:32.8,7865 ,0,0.000263799 ,-0.00309419 
1175,02:32.8,7870 ,0,0.000263102 ,-0.00309038 
1176,02:33.0,7875 ,0,0.000262443 ,-0.00308656 
1177,02:33.0,7880 ,0,0.000261755 ,-0.00308274 
1178,02:33.1,7885 ,0,0.000261086 ,-0.00307895 
1179,02:33.2,7890 ,0,0.000260407 ,-0.00307514 
1180,02:33.3,7895 ,0,0.000259732 ,-0.00307133 
1181,02:33.4,7900 ,0,0.000259046 ,-0.00306753 
1182,02:33.5,7905 ,0,0.000258396 ,-0.00306376 
1183,02:33.6,7910 ,0,0.000257717 ,-0.00305997 
1184,02:33.7,7915 ,0,0.000257046 ,-0.00305624 
1185,02:33.8,7920 ,0,0.000256385 ,-0.00305245 
1186,02:33.9,7925 ,0,0.000255734 ,-0.00304872 
1187,02:34.0,7930 ,0,0.000255089 ,-0.00304498 
1188,02:34.1,7935 ,0,0.000254429 ,-0.00304126 
1189,02:34.2,7940 ,0,0.000253784 ,-0.00303754 
1190,02:34.3,7945 ,0,0.000253150 ,-0.00303384 
1191,02:34.4,7950 ,0,0.000252490 ,-0.00303016 
1192,02:34.5,7955 ,0,0.000251848 ,-0.00302650 
1193,02:34.6,7960 ,0,0.000251217 ,-0.00302283 
1194,02:34.7,7965 ,0,0.000250564 ,-0.00301918 
1195,02:34.8,7970 ,0,0.000249941 ,-0.00301553 
1196,02:34.9,7975 ,0,0.000249307 ,-0.00301188 
1197,02:35.0,7980 ,0,0.000248689 ,-0.00300826 
1198,02:35.0,7985 ,0,0.000248073 ,-0.00300462 
1199,02:35.1,7990 ,0,0.000247437 ,-0.00300103 
1200,02:35.2,7995 ,0,0.000246821 ,-0.00299742 
1201,02:35.3,8000 ,0,0.000246189 ,-0.00299380 