1,00:00.1,2000 ,0,0.00197481 ,-85.88700000
2,00:00.3,2005 ,0,0.00198235 ,-85.87120000
3,00:00.4,2010 ,0,0.00198976 ,-85.85880000
4,00:00.5,2015 ,0,0.00199722 ,-85.84510000
5,00:00.8,2020 ,0,0.00200473 ,-85.83230000
6,00:01.0,2025 ,0,0.00201223 ,-85.81860000
7,00:01.2,2030 ,0,0.00201976 ,-85.80600000
8,00:01.5,2035 ,0,0.00202730 ,-85.79250000
9,00:01.8,2040 ,0,0.00203484 ,-85.77950000
10,00:02.3,2045 ,0,0.00204246 ,-85.76570000
11,00:02.6,2050 ,0,0.00205012 ,-85.75290000
12,00:02.8,2055 ,0,0.00205777 ,-85.73940000
13,00:03.1,2060 ,0,0.00206547 ,-85.72600000
14,00:03.4,2065 ,0,0.00207316 ,-85.71220000
15,00:03.7,2070 ,0,0.00208090 ,-85.69920000
16,00:04.0,2075 ,0,0.00208863 ,-85.68580000
17,00:04.3,2080 ,0,0.00209630 ,-85.67310000
18,00:04.6,2085 ,0,0.00210407 ,-85.65900000
19,00:04.9,2090 ,0,0.00211189 ,-85.64620000
20,00:05.2,2095 ,0,0.00211978 ,-85.63220000
21,00:05.6,2100 ,0,0.00212767 ,-85.61820000
22,00:05.9,2105 ,0,0.00213560 ,-85.60460000
23,00:06.3,2110 ,0,0.00214365 ,-85.59100000
24,00:06.7,2115 ,0,0.00215177 ,-85.57610000
25,00:06.9,2120 ,0,0.00215981 ,-85.56190000
26,00:07.3,2125 ,0,0.00216794 ,-85.54720000
27,00:07.4,2130 ,0,0.00217597 ,-85.53400000
28,00:07.8,2135 ,0,0.00218405 ,-85.52000000
29,00:07.9,2140 ,0,0.00219207 ,-85.50630000
30,00:08.0,2145 ,0,0.00220017 ,-85.49220000
31,00:08.1,2150 ,0,0.00220831 ,-85.47850000
32,00:08.2,2155 ,0,0.00221651 ,-85.46400000
33,00:08.3,2160 ,0,0.00222470 ,-85.45010000
34,00:08.4,2165 ,0,0.00223290 ,-85.43540000
35,00:08.4,2170 ,0,0.00224115 ,-85.42170000
36,00:08.5,2175 ,0,0.00224944 ,-85.40770000
37,00:08.6,2180 ,0,0.00225774 ,-85.39300000
38,00:08.7,2185 ,0,0.00226611 ,-85.37800000
39,00:08.8,2190 ,0,0.00227447 ,-85.36460000
40,00:08.8,2195 ,0,0.00228288 ,-85.34910000
41,00:08.9,2200 ,0,0.00229134 ,-85.33500000
42,00:09.0,2205 ,0,0.00229982 ,-85.31950000
43,00:09.1,2210 ,0,0.00230828 ,-85.30520000
44,00:09.2,2215 ,0,0.00231684 ,-85.29060000
45,00:09.2,2220 ,0,0.00232541 ,-85.27570000
46,00:09.3,2225 ,0,0.00233403 ,-85.26110000
47,00:09.4,2230 ,0,0.00234265 ,-85.24570000
48,00:09.5,2235 ,0,0.00235134 ,-85.23080000
49,00:09.6,2240 ,0,0.00236003 ,-85.21570000
50,00:09.6,2245 ,0,0.00236879 ,-85.20030000
51,00:09.7,2250 ,0,0.00237755 ,-85.18590000
52,00:09.8,2255 ,0,0.00238633 ,-85.17040000
53,00:09.9,2260 ,0,0.00239515 ,-85.15520000
54,00:10.0,2265 ,0,0.00240400 ,-85.13980000
55,00:10.1,2270 ,0,0.00241287 ,-85.12430000
56,00:10.2,2275 ,0,0.00242178 ,-85.10870000
57,00:10.2,2280 ,0,0.00243075 ,-85.09340000
58,00:10.3,2285 ,0,0.00243974 ,-85.07770000
59,00:10.4,2290 ,0,0.00244879 ,-85.06240000
60,00:10.5,2295 ,0,0.00245787 ,-85.04630000
61,00:10.6,2300 ,0,0.00246699 ,-85.03030000
62,00:10.6,2305 ,0,0.00247616 ,-85.01460000
63,00:10.7,2310 ,0,0.00248536 ,-84.99860000
64,00:10.8,2315 ,0,0.00249459 ,-84.98240000
65,00:10.9,2320 ,0,0.00250384 ,-84.96610000
66,00:11.0,2325 ,0,0.00251313 ,-84.94980000
67,00:11.0,2330 ,0,0.00252247 ,-84.93400000
68,00:11.1,2335 ,0,0.00253186 ,-84.91780000
69,00:11.2,2340 ,0,0.00254122 ,-84.90100000
70,00:11.3,2345 ,0,0.00255067 ,-84.88440000
71,00:11.4,2350 ,0,0.00256016 ,-84.86780000
72,00:11.5,2355 ,0,0.00256971 ,-84.85090000
73,00:11.5,2360 ,0,0.00257924 ,-84.83470000
74,00:11.6,2365 ,0,0.00258884 ,-84.81820000
75,00:11.7,2370 ,0,0.00259848 ,-84.80100000
76,00:11.8,2375 ,0,0.00260814 ,-84.78410000
77,00:11.9,2380 ,0,0.00261784 ,-84.76750000
78,00:12.0,2385 ,0,0.00262761 ,-84.75000000
79,00:12.0,2390 ,0,0.00263741 ,-84.73340000
80,00:12.1,2395 ,0,0.00264727 ,-84.71640000
81,00:12.2,2400 ,0,0.00265720 ,-84.69840000
82,00:12.3,2405 ,0,0.00266715 ,-84.68080000
83,00:12.4,2410 ,0,0.00267718 ,-84.66360000
84,00:12.5,2415 ,0,0.00268723 ,-84.64600000
85,00:12.6,2420 ,0,0.00269734 ,-84.62810000
86,00:12.7,2425 ,0,0.00270747 ,-84.61060000
87,00:12.8,2430 ,0,0.00271770 ,-84.59230000
88,00:12.8,2435 ,0,0.00272793 ,-84.57440000
89,00:12.9,2440 ,0,0.00273821 ,-84.55580000
90,00:13.0,2445 ,0,0.00274853 ,-84.53810000
91,00:13.1,2450 ,0,0.00275888 ,-84.51940000
92,00:13.2,2455 ,0,0.00276927 ,-84.50140000
93,00:13.2,2460 ,0,0.00277966 ,-84.48390000
94,00:13.3,2465 ,0,0.00279013 ,-84.46500000
95,00:13.4,2470 ,0,0.00280062 ,-84.44680000
96,00:13.5,2475 ,0,0.00281117 ,-84.42790000
97,00:13.6,2480 ,0,0.00282174 ,-84.41010000
98,00:13.7,2485 ,0,0.00283236 ,-84.39150000
99,00:13.7,2490 ,0,0.00284300 ,-84.37270000
100,00:13.8,2495 ,0,0.00285370 ,-84.35380000
101,00:13.9,2500 ,0,0.00286449 ,-84.33500000
102,00:14.0,2505 ,0,0.00287527 ,-84.31640000
103,00:14.1,2510 ,0,0.00288611 ,-84.29640000
104,00:14.2,2515 ,0,0.00289697 ,-84.27800000
105,00:14.3,2520 ,0,0.00290793 ,-84.25860000
106,00:14.3,2525 ,0,0.00291897 ,-84.23930000
107,00:14.4,2530 ,0,0.00293004 ,-84.21990000
108,00:14.5,2535 ,0,0.00294119 ,-84.20010000
109,00:14.6,2540 ,0,0.00295240 ,-84.17980000
110,00:14.7,2545 ,0,0.00296363 ,-84.16090000
111,00:14.8,2550 ,0,0.00297488 ,-84.14100000
112,00:14.8,2555 ,0,0.00298617 ,-84.12130000
113,00:14.9,2560 ,0,0.00299751 ,-84.10110000
114,00:15.0,2565 ,0,0.00300893 ,-84.08120000
115,00:15.1,2570 ,0,0.00302039 ,-84.06080000
116,00:15.2,2575 ,0,0.00303189 ,-84.04070000
117,00:15.2,2580 ,0,0.00304346 ,-84.02030000
118,00:15.3,2585 ,0,0.00305510 ,-84.00000000
119,00:15.4,2590 ,0,0.00306680 ,-83.97980000
120,00:15.5,2595 ,0,0.00307855 ,-83.95910000
121,00:15.6,2600 ,0,0.00309030 ,-83.93820000
122,00:15.7,2605 ,0,0.00310212 ,-83.91760000
123,00:15.8,2610 ,0,0.00311400 ,-83.89710000
124,00:15.8,2615 ,0,0.00312594 ,-83.87570000
125,00:15.9,2620 ,0,0.00313796 ,-83.85460000
126,00:16.0,2625 ,0,0.00315004 ,-83.83300000
127,00:16.1,2630 ,0,0.00316217 ,-83.81200000
128,00:16.2,2635 ,0,0.00317435 ,-83.79020000
129,00:16.3,2640 ,0,0.00318656 ,-83.76880000
130,00:16.3,2645 ,0,0.00319887 ,-83.74710000
131,00:16.4,2650 ,0,0.00321121 ,-83.72510000
132,00:16.5,2655 ,0,0.00322359 ,-83.70390000
133,00:16.6,2660 ,0,0.00323608 ,-83.68150000
134,00:16.7,2665 ,0,0.00324863 ,-83.65970000
135,00:16.8,2670 ,0,0.00326124 ,-83.63730000
136,00:16.8,2675 ,0,0.00327392 ,-83.61500000
137,00:16.9,2680 ,0,0.00328669 ,-83.59220000
138,00:17.0,2685 ,0,0.00329952 ,-83.56960000
139,00:17.0,2690 ,0,0.00331241 ,-83.54650000
140,00:17.1,2695 ,0,0.00332537 ,-83.52360000
141,00:17.2,2700 ,0,0.00333843 ,-83.50030000
142,00:17.3,2705 ,0,0.00335155 ,-83.47760000
143,00:17.4,2710 ,0,0.00336473 ,-83.45410000
144,00:17.4,2715 ,0,0.00337798 ,-83.43090000
145,00:17.5,2720 ,0,0.00339131 ,-83.40670000
146,00:17.6,2725 ,0,0.00340466 ,-83.38370000
147,00:17.7,2730 ,0,0.00341812 ,-83.35970000
148,00:17.8,2735 ,0,0.00343168 ,-83.33560000
149,00:17.9,2740 ,0,0.00344528 ,-83.31180000
150,00:18.0,2745 ,0,0.00345903 ,-83.28690000
151,00:18.0,2750 ,0,0.00347285 ,-83.26240000
152,00:18.1,2755 ,0,0.00348671 ,-83.23740000
153,00:18.2,2760 ,0,0.00350069 ,-83.21270000
154,00:18.3,2765 ,0,0.00351468 ,-83.18760000
155,00:18.4,2770 ,0,0.00352885 ,-83.16210000
156,00:18.5,2775 ,0,0.00354297 ,-83.13720000
157,00:18.5,2780 ,0,0.00355712 ,-83.11210000
158,00:18.6,2785 ,0,0.00357132 ,-83.08640000
159,00:18.7,2790 ,0,0.00358556 ,-83.06190000
160,00:18.8,2795 ,0,0.00359990 ,-83.03630000
161,00:18.9,2800 ,0,0.00361439 ,-83.01010000
162,00:18.9,2805 ,0,0.00362896 ,-82.98470000
163,00:19.0,2810 ,0,0.00364369 ,-82.95830000
164,00:19.1,2815 ,0,0.00365849 ,-82.93170000
165,00:19.2,2820 ,0,0.00367334 ,-82.90560000
166,00:19.3,2825 ,0,0.00368835 ,-82.87830000
167,00:19.3,2830 ,0,0.00370346 ,-82.85160000
168,00:19.4,2835 ,0,0.00371858 ,-82.82430000
169,00:19.5,2840 ,0,0.00373388 ,-82.79700000
170,00:19.6,2845 ,0,0.00374915 ,-82.76970000
171,00:19.7,2850 ,0,0.00376459 ,-82.74170000
172,00:19.7,2855 ,0,0.00378010 ,-82.71440000
173,00:19.8,2860 ,0,0.00379569 ,-82.68640000
174,00:19.9,2865 ,0,0.00381140 ,-82.65800000
175,00:20.0,2870 ,0,0.00382719 ,-82.63000000
176,00:20.1,2875 ,0,0.00384310 ,-82.60170000
177,00:20.2,2880 ,0,0.00385906 ,-82.57230000
178,00:20.2,2885 ,0,0.00387514 ,-82.54340000
179,00:20.3,2890 ,0,0.00389128 ,-82.51460000
180,00:20.4,2895 ,0,0.00390757 ,-82.48550000
181,00:20.5,2900 ,0,0.00392393 ,-82.45580000
182,00:20.5,2905 ,0,0.00394038 ,-82.42680000
183,00:20.6,2910 ,0,0.00395692 ,-82.39660000
184,00:20.7,2915 ,0,0.00397360 ,-82.36690000
185,00:20.8,2920 ,0,0.00399030 ,-82.33710000
186,00:20.9,2925 ,0,0.00400720 ,-82.30620000
187,00:21.0,2930 ,0,0.00402409 ,-82.27590000
188,00:21.0,2935 ,0,0.00404110 ,-82.24560000
189,00:21.1,2940 ,0,0.00405820 ,-82.21480000
190,00:21.2,2945 ,0,0.00407544 ,-82.18370000
191,00:21.3,2950 ,0,0.00409274 ,-82.15280000
192,00:21.3,2955 ,0,0.00411022 ,-82.12110000
193,00:21.4,2960 ,0,0.00412783 ,-82.08940000
194,00:21.5,2965 ,0,0.00414548 ,-82.05770000
195,00:21.6,2970 ,0,0.00416323 ,-82.02580000
196,00:21.6,2975 ,0,0.00418112 ,-81.99380000
197,00:21.7,2980 ,0,0.00419910 ,-81.96120000
198,00:21.8,2985 ,0,0.00421714 ,-81.92890000
199,00:21.9,2990 ,0,0.00423524 ,-81.89650000
200,00:22.0,2995 ,0,0.00425349 ,-81.86360000
201,00:22.1,3000 ,0,0.00427188 ,-81.83040000
202,00:22.1,3005 ,0,0.00429038 ,-81.79680000
203,00:22.2,3010 ,0,0.00430899 ,-81.76370000
204,00:22.3,3015 ,0,0.00432777 ,-81.72980000
205,00:22.4,3020 ,0,0.00434664 ,-81.69570000
206,00:22.5,3025 ,0,0.00436563 ,-81.66150000
207,00:22.6,3030 ,0,0.00438481 ,-81.62700000
208,00:22.7,3035 ,0,0.00440406 ,-81.59220000
209,00:22.7,3040 ,0,0.00442347 ,-81.55720000
210,00:22.8,3045 ,0,0.00444299 ,-81.52190000
211,00:22.9,3050 ,0,0.00446264 ,-81.48650000
212,00:23.0,3055 ,0,0.00448242 ,-81.45110000
213,00:23.1,3060 ,0,0.00450232 ,-81.41500000
214,00:23.2,3065 ,0,0.00452241 ,-81.37850000
215,00:23.2,3070 ,0,0.00454255 ,-81.34210000
216,00:23.3,3075 ,0,0.00456284 ,-81.30570000
217,00:23.4,3080 ,0,0.00458328 ,-81.26900000
218,00:23.5,3085 ,0,0.00460383 ,-81.23170000
219,00:23.6,3090 ,0,0.00462448 ,-81.19410000
220,00:23.7,3095 ,0,0.00464529 ,-81.15660000
221,00:23.8,3100 ,0,0.00466619 ,-81.11920000
222,00:23.8,3105 ,0,0.00468720 ,-81.08110000
223,00:23.9,3110 ,0,0.00470844 ,-81.04260000
224,00:24.0,3115 ,0,0.00472981 ,-81.00410000
225,00:24.1,3120 ,0,0.00475133 ,-80.96520000
226,00:24.2,3125 ,0,0.00477304 ,-80.92570000
227,00:24.2,3130 ,0,0.00479487 ,-80.88620000
228,00:24.3,3135 ,0,0.00481696 ,-80.84610000
229,00:24.4,3140 ,0,0.00483916 ,-80.80600000
230,00:24.5,3145 ,0,0.00486152 ,-80.76530000
231,00:24.6,3150 ,0,0.00488400 ,-80.72470000
232,00:24.6,3155 ,0,0.00490668 ,-80.68340000
233,00:24.7,3160 ,0,0.00492953 ,-80.64190000
234,00:24.8,3165 ,0,0.00495255 ,-80.60030000
235,00:24.9,3170 ,0,0.00497573 ,-80.55800000
236,00:25.0,3175 ,0,0.00499904 ,-80.51560000
237,00:25.1,3180 ,0,0.00502257 ,-80.47280000
238,00:25.2,3185 ,0,0.00504618 ,-80.43000000
239,00:25.3,3190 ,0,0.00507010 ,-80.38660000
240,00:25.3,3195 ,0,0.00509404 ,-80.34300000
241,00:25.4,3200 ,0,0.00511829 ,-80.29840000
242,00:25.5,3205 ,0,0.00514266 ,-80.25420000
243,00:25.6,3210 ,0,0.00516722 ,-80.20980000
244,00:25.7,3215 ,0,0.00519195 ,-80.16480000
245,00:25.8,3220 ,0,0.00521692 ,-80.11920000
246,00:25.9,3225 ,0,0.00524208 ,-80.07350000
247,00:25.9,3230 ,0,0.00526744 ,-80.02700000
248,00:26.0,3235 ,0,0.00529307 ,-79.98040000
249,00:26.1,3240 ,0,0.00531886 ,-79.93280000
250,00:26.2,3245 ,0,0.00534478 ,-79.88550000
251,00:26.3,3250 ,0,0.00537103 ,-79.83740000
252,00:26.4,3255 ,0,0.00539737 ,-79.78940000
253,00:26.5,3260 ,0,0.00542398 ,-79.74070000
254,00:26.5,3265 ,0,0.00545081 ,-79.69170000
255,00:26.6,3270 ,0,0.00547786 ,-79.64240000
256,00:26.7,3275 ,0,0.00550517 ,-79.59240000
257,00:26.8,3280 ,0,0.00553267 ,-79.54180000
258,00:26.8,3285 ,0,0.00556044 ,-79.49100000
259,00:26.9,3290 ,0,0.00558850 ,-79.43920000
260,00:27.0,3295 ,0,0.00561668 ,-79.38760000
261,00:27.1,3300 ,0,0.00564514 ,-79.33510000
262,00:27.2,3305 ,0,0.00567387 ,-79.28230000
263,00:27.3,3310 ,0,0.00570279 ,-79.22900000
264,00:27.4,3315 ,0,0.00573214 ,-79.17500000
265,00:27.4,3320 ,0,0.00576149 ,-79.12110000
266,00:27.5,3325 ,0,0.00579140 ,-79.06570000
267,00:27.6,3330 ,0,0.00582120 ,-79.01080000
268,00:27.7,3335 ,0,0.00585115 ,-78.95590000
269,00:27.8,3340 ,0,0.00588137 ,-78.90080000
270,00:27.9,3345 ,0,0.00591183 ,-78.84440000
271,00:27.9,3350 ,0,0.00594242 ,-78.78850000
272,00:28.0,3355 ,0,0.00597320 ,-78.73210000
273,00:28.1,3360 ,0,0.00600421 ,-78.67560000
274,00:28.2,3365 ,0,0.00603536 ,-78.61830000
275,00:28.3,3370 ,0,0.00606683 ,-78.56060000
276,00:28.3,3375 ,0,0.00609852 ,-78.50300000
277,00:28.4,3380 ,0,0.00613044 ,-78.44410000
278,00:28.5,3385 ,0,0.00616265 ,-78.38520000
279,00:28.6,3390 ,0,0.00619513 ,-78.32580000
280,00:28.7,3395 ,0,0.00622783 ,-78.26550000
281,00:28.7,3400 ,0,0.00626087 ,-78.20530000
282,00:28.8,3405 ,0,0.00629426 ,-78.14410000
283,00:28.9,3410 ,0,0.00632799 ,-78.08200000
284,00:29.0,3415 ,0,0.00636200 ,-78.01970000
285,00:29.1,3420 ,0,0.00639632 ,-77.95670000
286,00:29.2,3425 ,0,0.00643091 ,-77.89300000
287,00:29.3,3430 ,0,0.00646585 ,-77.82870000
288,00:29.4,3435 ,0,0.00650107 ,-77.76390000
289,00:29.5,3440 ,0,0.00653659 ,-77.69890000
290,00:29.5,3445 ,0,0.00657242 ,-77.63300000
291,00:29.6,3450 ,0,0.00660863 ,-77.56620000
292,00:29.7,3455 ,0,0.00664517 ,-77.49870000
293,00:29.8,3460 ,0,0.00668206 ,-77.43120000
294,00:29.9,3465 ,0,0.00671936 ,-77.36190000
295,00:30.0,3470 ,0,0.00675704 ,-77.29240000
296,00:30.0,3475 ,0,0.00679510 ,-77.22220000
297,00:30.1,3480 ,0,0.00683360 ,-77.15110000
298,00:30.2,3485 ,0,0.00687237 ,-77.07930000
299,00:30.3,3490 ,0,0.00691143 ,-77.00730000
300,00:30.3,3495 ,0,0.00695087 ,-76.93410000
301,00:30.4,3500 ,0,0.00699073 ,-76.86080000
302,00:30.5,3505 ,0,0.00703094 ,-76.78620000
303,00:30.5,3510 ,0,0.00707156 ,-76.71120000
304,00:30.6,3515 ,0,0.00711273 ,-76.63460000
305,00:30.7,3520 ,0,0.00715409 ,-76.55790000
306,00:30.8,3525 ,0,0.00719600 ,-76.48000000
307,00:30.9,3530 ,0,0.00723824 ,-76.40170000
308,00:31.0,3535 ,0,0.00728095 ,-76.32230000
309,00:31.0,3540 ,0,0.00732395 ,-76.24280000
310,00:31.2,3545 ,0,0.00736729 ,-76.16230000
311,00:31.2,3550 ,0,0.00741098 ,-76.08120000
312,00:31.3,3555 ,0,0.00745498 ,-75.99990000
313,00:31.4,3560 ,0,0.00749933 ,-75.91780000
314,00:31.5,3565 ,0,0.00754400 ,-75.83480000
315,00:31.6,3570 ,0,0.00758920 ,-75.75130000
316,00:31.6,3575 ,0,0.00763478 ,-75.66700000
317,00:31.7,3580 ,0,0.00768090 ,-75.58150000
318,00:31.8,3585 ,0,0.00772749 ,-75.49500000
319,00:31.9,3590 ,0,0.00777464 ,-75.40710000
320,00:32.0,3595 ,0,0.00782240 ,-75.31870000
321,00:32.1,3600 ,0,0.00787083 ,-75.22820000
322,00:32.2,3605 ,0,0.00791985 ,-75.13680000
323,00:32.2,3610 ,0,0.00796923 ,-75.04480000
324,00:32.3,3615 ,0,0.00801929 ,-74.95160000
325,00:32.4,3620 ,0,0.00806987 ,-74.85700000
326,00:32.5,3625 ,0,0.00812081 ,-74.76180000
327,00:32.6,3630 ,0,0.00817220 ,-74.66570000
328,00:32.7,3635 ,0,0.00822390 ,-74.56930000
329,00:32.8,3640 ,0,0.00827585 ,-74.47240000
330,00:32.9,3645 ,0,0.00832828 ,-74.37510000
331,00:32.9,3650 ,0,0.00838121 ,-74.27670000
332,00:33.0,3655 ,0,0.00843457 ,-74.17740000
333,00:33.1,3660 ,0,0.00848814 ,-74.07770000
334,00:33.2,3665 ,0,0.00854263 ,-73.97590000
335,00:33.2,3670 ,0,0.00859771 ,-73.87350000
336,00:33.3,3675 ,0,0.00865355 ,-73.76920000
337,00:33.4,3680 ,0,0.00871008 ,-73.66370000
338,00:33.5,3685 ,0,0.00876703 ,-73.55710000
339,00:33.6,3690 ,0,0.00882476 ,-73.44920000
340,00:33.7,3695 ,0,0.00888329 ,-73.33980000
341,00:33.7,3700 ,0,0.00894244 ,-73.22880000
342,00:33.8,3705 ,0,0.00900232 ,-73.11680000
343,00:33.9,3710 ,0,0.00906284 ,-73.00320000
344,00:34.0,3715 ,0,0.00912401 ,-72.88810000
345,00:34.1,3720 ,0,0.00918593 ,-72.77190000
346,00:34.2,3725 ,0,0.00924859 ,-72.65420000
347,00:34.2,3730 ,0,0.00931201 ,-72.53480000
348,00:34.3,3735 ,0,0.00937596 ,-72.41440000
349,00:34.4,3740 ,0,0.00944066 ,-72.29250000
350,00:34.5,3745 ,0,0.00950598 ,-72.16940000
351,00:34.6,3750 ,0,0.00957207 ,-72.04500000
352,00:34.7,3755 ,0,0.00963893 ,-71.91880000
353,00:34.7,3760 ,0,0.00970665 ,-71.79080000
354,00:34.8,3765 ,0,0.00977551 ,-71.66100000
355,00:34.9,3770 ,0,0.00984527 ,-71.52870000
356,00:35.0,3775 ,0,0.00991579 ,-71.39530000
357,00:35.1,3780 ,0,0.00998714 ,-71.25990000
358,00:35.1,3785 ,0,0.01005940 ,-71.12280000
359,00:35.2,3790 ,0,0.01013250 ,-70.98380000
360,00:35.3,3795 ,0,0.01020650 ,-70.84300000
361,00:35.4,3800 ,0,0.01028120 ,-70.70100000
362,00:35.5,3805 ,0,0.01035650 ,-70.55800000
363,00:35.5,3810 ,0,0.01043240 ,-70.41370000
364,00:35.6,3815 ,0,0.01050940 ,-70.26760000
365,00:35.7,3820 ,0,0.01058740 ,-70.11900000
366,00:35.8,3825 ,0,0.01066620 ,-69.96880000
367,00:35.8,3830 ,0,0.01074610 ,-69.81630000
368,00:35.9,3835 ,0,0.01082720 ,-69.66130000
369,00:36.0,3840 ,0,0.01090910 ,-69.50490000
370,00:36.1,3845 ,0,0.01099240 ,-69.34560000
371,00:36.2,3850 ,0,0.01107670 ,-69.18410000
372,00:36.3,3855 ,0,0.01116230 ,-69.01960000
373,00:36.4,3860 ,0,0.01124960 ,-68.85170000
374,00:36.5,3865 ,0,0.01133810 ,-68.68090000
375,00:36.5,3870 ,0,0.01142730 ,-68.50930000
376,00:36.6,3875 ,0,0.01151710 ,-68.33590000
377,00:36.7,3880 ,0,0.01160820 ,-68.16040000
378,00:36.8,3885 ,0,0.01170030 ,-67.98250000
379,00:36.8,3890 ,0,0.01179390 ,-67.80170000
380,00:36.9,3895 ,0,0.01188840 ,-67.61840000
381,00:37.0,3900 ,0,0.01198450 ,-67.43220000
382,00:37.1,3905 ,0,0.01208200 ,-67.24290000
383,00:37.2,3910 ,0,0.01218080 ,-67.05070000
384,00:37.3,3915 ,0,0.01228100 ,-66.85560000
385,00:37.4,3920 ,0,0.01238250 ,-66.65750000
386,00:37.4,3925 ,0,0.01248530 ,-66.45650000
387,00:37.5,3930 ,0,0.01258970 ,-66.25240000
388,00:37.6,3935 ,0,0.01269570 ,-66.04450000
389,00:37.7,3940 ,0,0.01280310 ,-65.83370000
390,00:37.8,3945 ,0,0.01291230 ,-65.61860000
391,00:37.8,3950 ,0,0.01302280 ,-65.40090000
392,00:37.9,3955 ,0,0.01313450 ,-65.18090000
393,00:38.0,3960 ,0,0.01324720 ,-64.95840000
394,00:38.1,3965 ,0,0.01336150 ,-64.73240000
395,00:38.2,3970 ,0,0.01347710 ,-64.50310000
396,00:38.3,3975 ,0,0.01359460 ,-64.27050000
397,00:38.4,3980 ,0,0.01371360 ,-64.03360000
398,00:38.5,3985 ,0,0.01383470 ,-63.79250000
399,00:38.5,3990 ,0,0.01395770 ,-63.54750000
400,00:38.8,3995 ,0,0.01408130 ,-63.29940000
401,00:38.8,4000 ,0,0.01420750 ,-63.04700000
402,00:38.9,4005 ,0,0.01433570 ,-62.78990000
403,00:39.0,4010 ,0,0.01446590 ,-62.52770000
404,00:39.3,4015 ,0,0.01459900 ,-62.25720000
405,00:39.5,4020 ,0,0.01473430 ,-61.98280000
406,00:39.8,4025 ,0,0.01487280 ,-61.69980000
407,00:40.2,4030 ,0,0.01501500 ,-61.40850000
408,00:40.4,4035 ,0,0.01515760 ,-61.11680000
409,00:40.6,4040 ,0,0.01530160 ,-60.82130000
410,00:40.7,4045 ,0,0.01544770 ,-60.52140000
411,00:40.8,4050 ,0,0.01559650 ,-60.21520000
412,00:40.9,4055 ,0,0.01574690 ,-59.90490000
413,00:40.9,4060 ,0,0.01589940 ,-59.58880000
414,00:41.0,4065 ,0,0.01605400 ,-59.26750000
415,00:41.1,4070 ,0,0.01621130 ,-58.93850000
416,00:41.2,4075 ,0,0.01637140 ,-58.60360000
417,00:41.3,4080 ,0,0.01653340 ,-58.26390000
418,00:41.4,4085 ,0,0.01669830 ,-57.91570000
419,00:41.5,4090 ,0,0.01686430 ,-57.56500000
420,00:41.6,4095 ,0,0.01703210 ,-57.20930000
421,00:41.6,4100 ,0,0.01720270 ,-56.84610000
422,00:41.7,4105 ,0,0.01737540 ,-56.47670000
423,00:41.8,4110 ,0,0.01755100 ,-56.10070000
424,00:41.9,4115 ,0,0.01772870 ,-55.71740000
425,00:42.0,4120 ,0,0.01790870 ,-55.32760000
426,00:42.0,4125 ,0,0.01809120 ,-54.93080000
427,00:42.1,4130 ,0,0.01827600 ,-54.52740000
428,00:42.2,4135 ,0,0.01846240 ,-54.11870000
429,00:42.3,4140 ,0,0.01865090 ,-53.70350000
430,00:42.3,4145 ,0,0.01884140 ,-53.28230000
431,00:42.4,4150 ,0,0.01903430 ,-52.85330000
432,00:42.5,4155 ,0,0.01923000 ,-52.41590000
433,00:42.6,4160 ,0,0.01942850 ,-51.96950000
434,00:42.7,4165 ,0,0.01962960 ,-51.51450000
435,00:42.8,4170 ,0,0.01983360 ,-51.04940000
436,00:42.8,4175 ,0,0.02004090 ,-50.57440000
437,00:42.9,4180 ,0,0.02025100 ,-50.08920000
438,00:43.0,4185 ,0,0.02046450 ,-49.59280000
439,00:43.1,4190 ,0,0.02068090 ,-49.08540000
440,00:43.2,4195 ,0,0.02090030 ,-48.56690000
441,00:43.2,4200 ,0,0.02112270 ,-48.03680000
442,00:43.3,4205 ,0,0.02134800 ,-47.49540000
443,00:43.4,4210 ,0,0.02157620 ,-46.94340000
444,00:43.5,4215 ,0,0.02180660 ,-46.37970000
445,00:43.6,4220 ,0,0.02203990 ,-45.80450000
446,00:43.6,4225 ,0,0.02227490 ,-45.21850000
447,00:43.7,4230 ,0,0.02251260 ,-44.62020000
448,00:43.8,4235 ,0,0.02275260 ,-44.00980000
449,00:43.9,4240 ,0,0.02299480 ,-43.38780000
450,00:43.9,4245 ,0,0.02323910 ,-42.75260000
451,00:44.0,4250 ,0,0.02348510 ,-42.10560000
452,00:44.1,4255 ,0,0.02373240 ,-41.44730000
453,00:44.2,4260 ,0,0.02398170 ,-40.77400000
454,00:44.3,4265 ,0,0.02423290 ,-40.08820000
455,00:44.3,4270 ,0,0.02448480 ,-39.38940000
456,00:44.4,4275 ,0,0.02473800 ,-38.67680000
457,00:44.5,4280 ,0,0.02499200 ,-37.95100000
458,00:44.6,4285 ,0,0.02524680 ,-37.21230000
459,00:44.7,4290 ,0,0.02550220 ,-36.45830000
460,00:44.7,4295 ,0,0.02575820 ,-35.68920000
461,00:44.8,4300 ,0,0.02601440 ,-34.90430000
462,00:44.9,4305 ,0,0.02627090 ,-34.10330000
463,00:45.0,4310 ,0,0.02652590 ,-33.29110000
464,00:45.1,4315 ,0,0.02677990 ,-32.46430000
465,00:45.2,4320 ,0,0.02703260 ,-31.62380000
466,00:45.2,4325 ,0,0.02728400 ,-30.76870000
467,00:45.3,4330 ,0,0.02753310 ,-29.90000000
468,00:45.4,4335 ,0,0.02777980 ,-29.01720000
469,00:45.5,4340 ,0,0.02802380 ,-28.11960000
470,00:45.5,4345 ,0,0.02826430 ,-27.20940000
471,00:45.6,4350 ,0,0.02850160 ,-26.28540000
472,00:45.7,4355 ,0,0.02873520 ,-25.34530000
473,00:45.8,4360 ,0,0.02896360 ,-24.39320000
474,00:45.9,4365 ,0,0.02918700 ,-23.42970000
475,00:46.0,4370 ,0,0.02940480 ,-22.45220000
476,00:46.0,4375 ,0,0.02961690 ,-21.46070000
477,00:46.2,4380 ,0,0.02982200 ,-20.46230000
478,00:46.2,4385 ,0,0.03001960 ,-19.45750000
479,00:46.3,4390 ,0,0.03021010 ,-18.44020000
480,00:46.4,4395 ,0,0.03039270 ,-17.41530000
481,00:46.5,4400 ,0,0.03056760 ,-16.37930000
482,00:46.5,4405 ,0,0.03073400 ,-15.33350000
483,00:46.6,4410 ,0,0.03089110 ,-14.27640000
484,00:46.7,4415 ,0,0.03103910 ,-13.21130000
485,00:46.8,4420 ,0,0.03117740 ,-12.13710000
486,00:46.9,4425 ,0,0.03130530 ,-11.05690000
487,00:47.0,4430 ,0,0.03142310 ,-9.96713000
488,00:47.0,4435 ,0,0.03152900 ,-8.87364000
489,00:47.1,4440 ,0,0.03162520 ,-7.77425000
490,00:47.2,4445 ,0,0.03171050 ,-6.67119000
491,00:47.3,4450 ,0,0.03178460 ,-5.56175000
492,00:47.3,4455 ,0,0.03184690 ,-4.44762000
493,00:47.4,4460 ,0,0.03189730 ,-3.32987000
494,00:47.5,4465 ,0,0.03193530 ,-2.21106000
495,00:47.6,4470 ,0,0.03196140 ,-1.09065000
496,00:47.7,4475 ,0,0.03197480 ,0.03127550
497,00:47.7,4480 ,0,0.03197620 ,1.15230000
498,00:47.8,4485 ,0,0.03196500 ,2.27315000
499,00:47.9,4490 ,0,0.03194170 ,3.39161000
500,00:48.0,4495 ,0,0.03190640 ,4.50765000
501,00:48.0,4500 ,0,0.03185850 ,5.62333000
502,00:48.1,4505 ,0,0.03179900 ,6.73597000
503,00:48.2,4510 ,0,0.03172810 ,7.84149000
504,00:48.3,4515 ,0,0.03164680 ,8.93445000
505,00:48.4,4520 ,0,0.03155480 ,10.01600000
506,00:48.4,4525 ,0,0.03145270 ,11.08900000
507,00:48.5,4530 ,0,0.03134080 ,12.15290000
508,00:48.6,4535 ,0,0.03121870 ,13.20880000
509,00:48.7,4540 ,0,0.03108790 ,14.25280000
510,00:48.8,4545 ,0,0.03094840 ,15.28470000
511,00:48.9,4550 ,0,0.03080040 ,16.30670000
512,00:48.9,4555 ,0,0.03064440 ,17.31690000
513,00:49.0,4560 ,0,0.03048080 ,18.31560000
514,00:49.1,4565 ,0,0.03031030 ,19.30080000
515,00:49.2,4570 ,0,0.03013360 ,20.27380000
516,00:49.3,4575 ,0,0.02995070 ,21.23210000
517,00:49.3,4580 ,0,0.02976170 ,22.17930000
518,00:49.4,4585 ,0,0.02956740 ,23.11310000
519,00:49.5,4590 ,0,0.02936750 ,24.03560000
520,00:49.6,4595 ,0,0.02916340 ,24.94510000
521,00:49.7,4600 ,0,0.02895460 ,25.84170000
522,00:49.8,4605 ,0,0.02874170 ,26.72500000
523,00:49.8,4610 ,0,0.02852550 ,27.59460000
524,00:49.9,4615 ,0,0.02830660 ,28.44900000
525,00:50.0,4620 ,0,0.02808540 ,29.28990000
526,00:50.1,4625 ,0,0.02786170 ,30.11690000
527,00:50.2,4630 ,0,0.02763610 ,30.93000000
528,00:50.2,4635 ,0,0.02740860 ,31.72950000
529,00:50.3,4640 ,0,0.02718020 ,32.51460000
530,00:50.4,4645 ,0,0.02695160 ,33.28470000
531,00:50.5,4650 ,0,0.02672260 ,34.03970000
532,00:50.5,4655 ,0,0.02649370 ,34.78050000
533,00:50.6,4660 ,0,0.02626460 ,35.50770000
534,00:50.7,4665 ,0,0.02603520 ,36.22210000
535,00:50.8,4670 ,0,0.02580660 ,36.92300000
536,00:50.9,4675 ,0,0.02557770 ,37.61220000
537,00:51.0,4680 ,0,0.02534960 ,38.28830000
538,00:51.0,4685 ,0,0.02512180 ,38.95240000
539,00:51.1,4690 ,0,0.02489560 ,39.60320000
540,00:51.2,4695 ,0,0.02467080 ,40.24210000
541,00:51.3,4700 ,0,0.02444720 ,40.86810000
542,00:51.4,4705 ,0,0.02422480 ,41.48220000
543,00:51.5,4710 ,0,0.02400420 ,42.08430000
544,00:51.6,4715 ,0,0.02378490 ,42.67550000
545,00:51.7,4720 ,0,0.02356740 ,43.25540000
546,00:51.8,4725 ,0,0.02335150 ,43.82450000
547,00:51.9,4730 ,0,0.02313810 ,44.38180000
548,00:51.9,4735 ,0,0.02292670 ,44.92790000
549,00:52.0,4740 ,0,0.02271720 ,45.46350000
550,00:52.1,4745 ,0,0.02251050 ,45.98820000
551,00:52.2,4750 ,0,0.02230580 ,46.50310000
552,00:52.3,4755 ,0,0.02210310 ,47.00790000
553,00:52.3,4760 ,0,0.02190270 ,47.50310000
554,00:52.4,4765 ,0,0.02170470 ,47.98840000
555,00:52.5,4770 ,0,0.02150880 ,48.46530000
556,00:52.6,4775 ,0,0.02131480 ,48.93350000
557,00:52.7,4780 ,0,0.02112350 ,49.39220000
558,00:52.7,4785 ,0,0.02093560 ,49.83990000
559,00:52.8,4790 ,0,0.02075040 ,50.27840000
560,00:52.9,4795 ,0,0.02056860 ,50.70770000
561,00:53.0,4800 ,0,0.02038820 ,51.12910000
562,00:53.1,4805 ,0,0.02021000 ,51.54350000
563,00:53.1,4810 ,0,0.02003400 ,51.94990000
564,00:53.2,4815 ,0,0.01986100 ,52.34810000
565,00:53.3,4820 ,0,0.01968960 ,52.73960000
566,00:53.4,4825 ,0,0.01952050 ,53.12420000
567,00:53.5,4830 ,0,0.01935340 ,53.50230000
568,00:53.5,4835 ,0,0.01918870 ,53.87300000
569,00:53.6,4840 ,0,0.01902620 ,54.23710000
570,00:53.7,4845 ,0,0.01886590 ,54.59460000
571,00:53.8,4850 ,0,0.01870700 ,54.94670000
572,00:53.9,4855 ,0,0.01855040 ,55.29290000
573,00:53.9,4860 ,0,0.01839580 ,55.63310000
574,00:54.0,4865 ,0,0.01824320 ,55.96760000
575,00:54.1,4870 ,0,0.01809260 ,56.29630000
576,00:54.2,4875 ,0,0.01794360 ,56.62020000
577,00:54.3,4880 ,0,0.01779630 ,56.93870000
578,00:54.3,4885 ,0,0.01765100 ,57.25160000
579,00:54.4,4890 ,0,0.01750780 ,57.55970000
580,00:54.5,4895 ,0,0.01736650 ,57.86200000
581,00:54.6,4900 ,0,0.01722730 ,58.15930000
582,00:54.6,4905 ,0,0.01708980 ,58.45150000
583,00:54.7,4910 ,0,0.01695450 ,58.73870000
584,00:54.8,4915 ,0,0.01682110 ,59.02090000
585,00:54.9,4920 ,0,0.01668970 ,59.29750000
586,00:55.0,4925 ,0,0.01656010 ,59.57000000
587,00:55.0,4930 ,0,0.01643240 ,59.83800000
588,00:55.1,4935 ,0,0.01630630 ,60.10160000
589,00:55.2,4940 ,0,0.01618240 ,60.36040000
590,00:55.3,4945 ,0,0.01606080 ,60.61420000
591,00:55.4,4950 ,0,0.01594090 ,60.86360000
592,00:55.5,4955 ,0,0.01582220 ,61.10930000
593,00:56.1,4960 ,0,0.01570940 ,61.34870000
594,00:56.1,4965 ,0,0.01559250 ,61.58830000
595,00:56.2,4970 ,0,0.01547760 ,61.82410000
596,00:56.3,4975 ,0,0.01536400 ,62.05630000
597,00:56.4,4980 ,0,0.01525210 ,62.28470000
598,00:56.5,4985 ,0,0.01514160 ,62.51030000
599,00:56.5,4990 ,0,0.01503270 ,62.73180000
600,00:56.6,4995 ,0,0.01492530 ,62.95020000
601,00:56.7,5000 ,0,0.01481900 ,63.16580000
602,00:56.8,5005 ,0,0.01471400 ,63.37800000
603,00:56.9,5010 ,0,0.01461010 ,63.58770000
604,00:57.0,5015 ,0,0.01450750 ,63.79450000
605,00:57.0,5020 ,0,0.01440630 ,63.99800000
606,00:57.1,5025 ,0,0.01430610 ,64.19930000
607,00:57.2,5030 ,0,0.01420700 ,64.39730000
608,00:57.4,5035 ,0,0.01410960 ,64.59320000
609,00:57.5,5040 ,0,0.01401370 ,64.78470000
610,00:57.5,5045 ,0,0.01391930 ,64.97300000
611,00:57.6,5050 ,0,0.01382620 ,65.15850000
612,00:57.7,5055 ,0,0.01373440 ,65.34110000
613,00:57.8,5060 ,0,0.01364380 ,65.52120000
614,00:57.9,5065 ,0,0.01355430 ,65.69910000
615,00:57.9,5070 ,0,0.01346590 ,65.87430000
616,00:58.0,5075 ,0,0.01337870 ,66.04690000
617,00:58.1,5080 ,0,0.01329250 ,66.21760000
618,00:58.2,5085 ,0,0.01320730 ,66.38580000
619,00:58.2,5090 ,0,0.01312310 ,66.55190000
620,00:58.3,5095 ,0,0.01303990 ,66.71590000
621,00:58.4,5100 ,0,0.01295780 ,66.87710000
622,00:58.5,5105 ,0,0.01287670 ,67.03670000
623,00:58.7,5110 ,0,0.01279660 ,67.19560000
624,00:58.8,5115 ,0,0.01271710 ,67.35100000
625,00:58.9,5120 ,0,0.01263860 ,67.50410000
626,00:58.9,5125 ,0,0.01256120 ,67.65550000
627,00:59.0,5130 ,0,0.01248480 ,67.80440000
628,00:59.1,5135 ,0,0.01240980 ,67.95130000
629,00:59.2,5140 ,0,0.01233580 ,68.09550000
630,00:59.3,5145 ,0,0.01226290 ,68.23780000
631,00:59.4,5150 ,0,0.01219100 ,68.37840000
632,00:59.4,5155 ,0,0.01211970 ,68.51690000
633,00:59.5,5160 ,0,0.01204910 ,68.65430000
634,00:59.6,5165 ,0,0.01197950 ,68.78960000
635,00:59.7,5170 ,0,0.01191090 ,68.92320000
636,00:59.8,5175 ,0,0.01184290 ,69.05530000
637,00:59.8,5180 ,0,0.01177530 ,69.18590000
638,00:59.9,5185 ,0,0.01170860 ,69.31510000
639,01:00.0,5190 ,0,0.01164220 ,69.44380000
640,01:00.1,5195 ,0,0.01157630 ,69.57070000
641,01:00.2,5200 ,0,0.01151120 ,69.69590000
642,01:00.3,5205 ,0,0.01144680 ,69.81980000
643,01:00.3,5210 ,0,0.01138300 ,69.94240000
644,01:00.4,5215 ,0,0.01132010 ,70.06350000
645,01:00.5,5220 ,0,0.01125790 ,70.18280000
646,01:00.6,5225 ,0,0.01119660 ,70.30070000
647,01:00.7,5230 ,0,0.01113570 ,70.41690000
648,01:00.7,5235 ,0,0.01107560 ,70.53220000
649,01:00.8,5240 ,0,0.01101620 ,70.64590000
650,01:00.9,5245 ,0,0.01095760 ,70.75820000
651,01:01.0,5250 ,0,0.01089940 ,70.86960000
652,01:01.0,5255 ,0,0.01084180 ,70.97960000
653,01:01.1,5260 ,0,0.01078490 ,71.08850000
654,01:01.2,5265 ,0,0.01072870 ,71.19570000
655,01:01.3,5270 ,0,0.01067310 ,71.30170000
656,01:01.4,5275 ,0,0.01061820 ,71.40680000
657,01:01.4,5280 ,0,0.01056390 ,71.51010000
658,01:01.5,5285 ,0,0.01051020 ,71.61280000
659,01:01.6,5290 ,0,0.01045680 ,71.71430000
660,01:01.7,5295 ,0,0.01040420 ,71.81470000
661,01:01.8,5300 ,0,0.01035200 ,71.91420000
662,01:01.9,5305 ,0,0.01030020 ,72.01260000
663,01:01.9,5310 ,0,0.01024890 ,72.10980000
664,01:02.0,5315 ,0,0.01019820 ,72.20600000
665,01:02.1,5320 ,0,0.01014790 ,72.30150000
666,01:02.2,5325 ,0,0.01009820 ,72.39560000
667,01:02.2,5330 ,0,0.01004910 ,72.48900000
668,01:02.3,5335 ,0,0.01000040 ,72.58080000
669,01:02.4,5340 ,0,0.00995219 ,72.67230000
670,01:02.5,5345 ,0,0.00990453 ,72.76290000
671,01:02.6,5350 ,0,0.00985728 ,72.85200000
672,01:02.7,5355 ,0,0.00981051 ,72.94080000
673,01:02.8,5360 ,0,0.00976423 ,73.02800000
674,01:02.8,5365 ,0,0.00971864 ,73.11430000
675,01:03.0,5370 ,0,0.00967349 ,73.19980000
676,01:03.0,5375 ,0,0.00962879 ,73.28430000
677,01:03.1,5380 ,0,0.00958451 ,73.36810000
678,01:03.2,5385 ,0,0.00954039 ,73.45120000
679,01:03.3,5390 ,0,0.00949674 ,73.53360000
680,01:03.4,5395 ,0,0.00945335 ,73.61520000
681,01:03.5,5400 ,0,0.00941049 ,73.69600000
682,01:03.5,5405 ,0,0.00936784 ,73.77600000
683,01:03.6,5410 ,0,0.00932560 ,73.85520000
684,01:03.7,5415 ,0,0.00928371 ,73.93380000
685,01:03.8,5420 ,0,0.00924213 ,74.01190000
686,01:03.9,5425 ,0,0.00920078 ,74.08950000
687,01:04.0,5430 ,0,0.00915978 ,74.16620000
688,01:04.1,5435 ,0,0.00911933 ,74.24220000
689,01:04.2,5440 ,0,0.00907921 ,74.31730000
690,01:04.3,5445 ,0,0.00903955 ,74.39140000
691,01:04.3,5450 ,0,0.00900019 ,74.46490000
692,01:04.4,5455 ,0,0.00896122 ,74.53790000
693,01:04.5,5460 ,0,0.00892262 ,74.61000000
694,01:04.6,5465 ,0,0.00888435 ,74.68150000
695,01:04.6,5470 ,0,0.00884644 ,74.75230000
696,01:04.7,5475 ,0,0.00880889 ,74.82280000
697,01:04.8,5480 ,0,0.00877174 ,74.89230000
698,01:04.9,5485 ,0,0.00873506 ,74.96050000
699,01:05.0,5490 ,0,0.00869887 ,75.02870000
700,01:05.1,5495 ,0,0.00866289 ,75.09570000
701,01:05.2,5500 ,0,0.00862746 ,75.16240000
702,01:05.3,5505 ,0,0.00859223 ,75.22830000
703,01:05.4,5510 ,0,0.00855712 ,75.29390000
704,01:05.5,5515 ,0,0.00852229 ,75.35880000
705,01:05.6,5520 ,0,0.00848767 ,75.42360000
706,01:05.6,5525 ,0,0.00845330 ,75.48740000
707,01:05.7,5530 ,0,0.00841911 ,75.55100000
708,01:05.8,5535 ,0,0.00838506 ,75.61420000
709,01:05.9,5540 ,0,0.00835121 ,75.67690000
710,01:06.0,5545 ,0,0.00831762 ,75.73930000
711,01:06.1,5550 ,0,0.00828433 ,75.80110000
712,01:06.2,5555 ,0,0.00825127 ,75.86200000
713,01:06.3,5560 ,0,0.00821853 ,75.92290000
714,01:06.3,5565 ,0,0.00818616 ,75.98280000
715,01:06.4,5570 ,0,0.00815415 ,76.04190000
716,01:06.5,5575 ,0,0.00812263 ,76.10120000
717,01:06.6,5580 ,0,0.00809123 ,76.15920000
718,01:06.7,5585 ,0,0.00806027 ,76.21650000
719,01:06.8,5590 ,0,0.00802956 ,76.27390000
720,01:06.9,5595 ,0,0.00799913 ,76.33000000
721,01:07.0,5600 ,0,0.00796892 ,76.38590000
722,01:07.0,5605 ,0,0.00793900 ,76.44170000
723,01:07.1,5610 ,0,0.00790934 ,76.49650000
724,01:07.2,5615 ,0,0.00787993 ,76.55120000
725,01:07.3,5620 ,0,0.00785072 ,76.60550000
726,01:07.3,5625 ,0,0.00782172 ,76.65910000
727,01:07.4,5630 ,0,0.00779299 ,76.71260000
728,01:07.6,5635 ,0,0.00776452 ,76.76590000
729,01:07.6,5640 ,0,0.00773603 ,76.81840000
730,01:07.7,5645 ,0,0.00770766 ,76.87060000
731,01:07.8,5650 ,0,0.00767956 ,76.92230000
732,01:07.9,5655 ,0,0.00765165 ,76.97400000
733,01:08.0,5660 ,0,0.00762392 ,77.02490000
734,01:08.1,5665 ,0,0.00759638 ,77.07630000
735,01:08.2,5670 ,0,0.00756899 ,77.12650000
736,01:08.3,5675 ,0,0.00754178 ,77.17660000
737,01:08.3,5680 ,0,0.00751479 ,77.22610000
738,01:08.4,5685 ,0,0.00748797 ,77.27530000
739,01:08.6,5690 ,0,0.00746110 ,77.32560000
740,01:08.7,5695 ,0,0.00743458 ,77.37380000
741,01:08.8,5700 ,0,0.00740828 ,77.42240000
742,01:08.9,5705 ,0,0.00738217 ,77.46990000
743,01:08.9,5710 ,0,0.00735624 ,77.51710000
744,01:09.0,5715 ,0,0.00733047 ,77.56450000
745,01:09.1,5720 ,0,0.00730494 ,77.61120000
746,01:09.3,5725 ,0,0.00727960 ,77.65850000
747,01:09.4,5730 ,0,0.00725439 ,77.70460000
748,01:09.5,5735 ,0,0.00722948 ,77.75010000
749,01:09.6,5740 ,0,0.00720472 ,77.79560000
750,01:09.6,5745 ,0,0.00718020 ,77.84020000
751,01:09.7,5750 ,0,0.00715584 ,77.88490000
752,01:09.8,5755 ,0,0.00713162 ,77.92950000
753,01:09.9,5760 ,0,0.00710762 ,77.97310000
754,01:10.0,5765 ,0,0.00708380 ,78.01680000
755,01:10.1,5770 ,0,0.00706014 ,78.06020000
756,01:10.1,5775 ,0,0.00703664 ,78.10320000
757,01:10.2,5780 ,0,0.00701333 ,78.14570000
758,01:10.3,5785 ,0,0.00699018 ,78.18810000
759,01:10.5,5790 ,0,0.00696724 ,78.23100000
760,01:10.6,5795 ,0,0.00694443 ,78.27260000
761,01:10.7,5800 ,0,0.00692183 ,78.31420000
762,01:10.8,5805 ,0,0.00689932 ,78.35510000
763,01:10.9,5810 ,0,0.00687700 ,78.39580000
764,01:11.0,5815 ,0,0.00685483 ,78.43610000
765,01:11.0,5820 ,0,0.00683284 ,78.47660000
766,01:11.1,5825 ,0,0.00681099 ,78.51630000
767,01:11.2,5830 ,0,0.00678930 ,78.55590000
768,01:11.3,5835 ,0,0.00676776 ,78.59530000
769,01:11.4,5840 ,0,0.00674634 ,78.63450000
770,01:11.4,5845 ,0,0.00672504 ,78.67330000
771,01:11.5,5850 ,0,0.00670392 ,78.71180000
772,01:11.6,5855 ,0,0.00668298 ,78.75030000
773,01:11.7,5860 ,0,0.00666213 ,78.78810000
774,01:11.8,5865 ,0,0.00664144 ,78.82600000
775,01:11.8,5870 ,0,0.00662092 ,78.86330000
776,01:11.9,5875 ,0,0.00660050 ,78.90070000
777,01:12.0,5880 ,0,0.00658021 ,78.93780000
778,01:12.1,5885 ,0,0.00656006 ,78.97460000
779,01:12.2,5890 ,0,0.00654000 ,79.01130000
780,01:12.3,5895 ,0,0.00652007 ,79.04750000
781,01:12.4,5900 ,0,0.00650029 ,79.08370000
782,01:12.5,5905 ,0,0.00648072 ,79.11940000
783,01:12.5,5910 ,0,0.00646133 ,79.15450000
784,01:12.6,5915 ,0,0.00644215 ,79.18980000
785,01:12.7,5920 ,0,0.00642309 ,79.22460000
786,01:12.8,5925 ,0,0.00640419 ,79.25930000
787,01:12.8,5930 ,0,0.00638539 ,79.29370000
788,01:12.9,5935 ,0,0.00636666 ,79.32760000
789,01:13.0,5940 ,0,0.00634814 ,79.36170000
790,01:13.1,5945 ,0,0.00632967 ,79.39560000
791,01:13.2,5950 ,0,0.00631132 ,79.42880000
792,01:13.3,5955 ,0,0.00629306 ,79.46210000
793,01:13.3,5960 ,0,0.00627483 ,79.49550000
794,01:13.4,5965 ,0,0.00625667 ,79.52820000
795,01:13.5,5970 ,0,0.00623869 ,79.56120000
796,01:13.6,5975 ,0,0.00622082 ,79.59380000
797,01:13.7,5980 ,0,0.00620308 ,79.62580000
798,01:13.7,5985 ,0,0.00618537 ,79.65830000
799,01:13.8,5990 ,0,0.00616777 ,79.69030000
800,01:13.9,5995 ,0,0.00615024 ,79.72220000
801,01:14.0,6000 ,0,0.00613283 ,79.75370000
802,01:14.1,6005 ,0,0.00611548 ,79.78540000
803,01:14.2,6010 ,0,0.00609830 ,79.81630000
804,01:14.2,6015 ,0,0.00608131 ,79.84750000
805,01:14.3,6020 ,0,0.00606447 ,79.87800000
806,01:14.4,6025 ,0,0.00604772 ,79.90840000
807,01:14.5,6030 ,0,0.00603107 ,79.93890000
808,01:14.6,6035 ,0,0.00601456 ,79.96880000
809,01:14.7,6040 ,0,0.00599815 ,79.99870000
810,01:14.7,6045 ,0,0.00598181 ,80.02880000
811,01:14.8,6050 ,0,0.00596556 ,80.05810000
812,01:14.9,6055 ,0,0.00594947 ,80.08760000
813,01:15.0,6060 ,0,0.00593340 ,80.11680000
814,01:15.1,6065 ,0,0.00591738 ,80.14570000
815,01:15.1,6070 ,0,0.00590143 ,80.17450000
816,01:15.2,6075 ,0,0.00588553 ,80.20350000
817,01:15.3,6080 ,0,0.00586977 ,80.23200000
818,01:15.4,6085 ,0,0.00585407 ,80.26050000
819,01:15.5,6090 ,0,0.00583850 ,80.28870000
820,01:15.5,6095 ,0,0.00582299 ,80.31680000
821,01:15.6,6100 ,0,0.00580755 ,80.34480000
822,01:15.7,6105 ,0,0.00579222 ,80.37250000
823,01:15.8,6110 ,0,0.00577690 ,80.40030000
824,01:15.8,6115 ,0,0.00576166 ,80.42740000
825,01:15.9,6120 ,0,0.00574652 ,80.45510000
826,01:16.0,6125 ,0,0.00573147 ,80.48220000
827,01:16.1,6130 ,0,0.00571649 ,80.50920000
828,01:16.2,6135 ,0,0.00570164 ,80.53600000
829,01:16.2,6140 ,0,0.00568683 ,80.56280000
830,01:16.3,6145 ,0,0.00567223 ,80.58920000
831,01:16.4,6150 ,0,0.00565766 ,80.61570000
832,01:16.5,6155 ,0,0.00564321 ,80.64180000
833,01:16.6,6160 ,0,0.00562879 ,80.66790000
834,01:16.7,6165 ,0,0.00561446 ,80.69380000
835,01:16.7,6170 ,0,0.00560021 ,80.71940000
836,01:16.8,6175 ,0,0.00558611 ,80.74530000
837,01:16.9,6180 ,0,0.00557208 ,80.77060000
838,01:17.0,6185 ,0,0.00555820 ,80.79570000
839,01:17.1,6190 ,0,0.00554439 ,80.82080000
840,01:17.2,6195 ,0,0.00553061 ,80.84600000
841,01:17.3,6200 ,0,0.00551699 ,80.87070000
842,01:17.4,6205 ,0,0.00550330 ,80.89530000
843,01:17.5,6210 ,0,0.00548986 ,80.91970000
844,01:17.5,6215 ,0,0.00547639 ,80.94430000
845,01:17.6,6220 ,0,0.00546299 ,80.96830000
846,01:17.7,6225 ,0,0.00544962 ,80.99250000
847,01:17.8,6230 ,0,0.00543636 ,81.01630000
848,01:17.9,6235 ,0,0.00542312 ,81.04040000
849,01:18.0,6240 ,0,0.00540995 ,81.06400000
850,01:18.0,6245 ,0,0.00539683 ,81.08780000
851,01:18.1,6250 ,0,0.00538382 ,81.11120000
852,01:18.2,6255 ,0,0.00537083 ,81.13430000
853,01:18.3,6260 ,0,0.00535794 ,81.15800000
854,01:18.4,6265 ,0,0.00534508 ,81.18110000
855,01:18.5,6270 ,0,0.00533226 ,81.20420000
856,01:18.6,6275 ,0,0.00531949 ,81.22720000
857,01:18.7,6280 ,0,0.00530679 ,81.25000000
858,01:18.7,6285 ,0,0.00529410 ,81.27250000
859,01:18.8,6290 ,0,0.00528150 ,81.29530000
860,01:18.9,6295 ,0,0.00526896 ,81.31730000
861,01:19.0,6300 ,0,0.00525643 ,81.34010000
862,01:19.0,6305 ,0,0.00524400 ,81.36230000
863,01:19.1,6310 ,0,0.00523160 ,81.38470000
864,01:19.2,6315 ,0,0.00521929 ,81.40660000
865,01:19.3,6320 ,0,0.00520714 ,81.42860000
866,01:19.4,6325 ,0,0.00519514 ,81.45040000
867,01:19.5,6330 ,0,0.00518310 ,81.47180000
868,01:19.6,6335 ,0,0.00517120 ,81.49300000
869,01:19.7,6340 ,0,0.00515933 ,81.51470000
870,01:19.8,6345 ,0,0.00514752 ,81.53570000
871,01:19.8,6350 ,0,0.00513575 ,81.55700000
872,01:19.9,6355 ,0,0.00512411 ,81.57820000
873,01:20.0,6360 ,0,0.00511243 ,81.59890000
874,01:20.1,6365 ,0,0.00510084 ,81.61970000
875,01:20.2,6370 ,0,0.00508934 ,81.64040000
876,01:20.3,6375 ,0,0.00507783 ,81.66110000
877,01:20.4,6380 ,0,0.00506640 ,81.68180000
878,01:20.5,6385 ,0,0.00505505 ,81.70220000
879,01:20.6,6390 ,0,0.00504373 ,81.72260000
880,01:20.7,6395 ,0,0.00503242 ,81.74280000
881,01:20.8,6400 ,0,0.00502119 ,81.76280000
882,01:20.8,6405 ,0,0.00500999 ,81.78270000
883,01:20.9,6410 ,0,0.00499882 ,81.80280000
884,01:21.0,6415 ,0,0.00498771 ,81.82240000
885,01:21.1,6420 ,0,0.00497667 ,81.84210000
886,01:21.2,6425 ,0,0.00496565 ,81.86190000
887,01:21.3,6430 ,0,0.00495470 ,81.88130000
888,01:21.4,6435 ,0,0.00494383 ,81.90070000
889,01:21.5,6440 ,0,0.00493304 ,81.92040000
890,01:21.5,6445 ,0,0.00492223 ,81.93940000
891,01:21.7,6450 ,0,0.00491157 ,81.95860000
892,01:21.7,6455 ,0,0.00490091 ,81.97750000
893,01:21.8,6460 ,0,0.00489027 ,81.99660000
894,01:21.9,6465 ,0,0.00487974 ,82.01550000
895,01:22.0,6470 ,0,0.00486925 ,82.03400000
896,01:22.0,6475 ,0,0.00485877 ,82.05260000
897,01:22.1,6480 ,0,0.00484836 ,82.07130000
898,01:22.2,6485 ,0,0.00483798 ,82.09000000
899,01:22.3,6490 ,0,0.00482765 ,82.10830000
900,01:22.4,6495 ,0,0.00481735 ,82.12640000
901,01:22.5,6500 ,0,0.00480715 ,82.14490000
902,01:22.6,6505 ,0,0.00479697 ,82.16320000
903,01:22.8,6510 ,0,0.00478685 ,82.18150000
904,01:22.9,6515 ,0,0.00477675 ,82.19940000
905,01:22.9,6520 ,0,0.00476662 ,82.21730000
906,01:23.0,6525 ,0,0.00475659 ,82.23500000
907,01:23.1,6530 ,0,0.00474664 ,82.25260000
908,01:23.2,6535 ,0,0.00473674 ,82.27030000
909,01:23.3,6540 ,0,0.00472691 ,82.28770000
910,01:23.3,6545 ,0,0.00471712 ,82.30520000
911,01:23.4,6550 ,0,0.00470740 ,82.32260000
912,01:23.5,6555 ,0,0.00469772 ,82.33960000
913,01:23.6,6560 ,0,0.00468813 ,82.35710000
914,01:23.8,6565 ,0,0.00467865 ,82.37440000
915,01:23.9,6570 ,0,0.00466906 ,82.39120000
916,01:24.0,6575 ,0,0.00465956 ,82.40860000
917,01:24.1,6580 ,0,0.00465006 ,82.42550000
918,01:24.2,6585 ,0,0.00464059 ,82.44180000
919,01:24.3,6590 ,0,0.00463116 ,82.45870000
920,01:24.3,6595 ,0,0.00462175 ,82.47540000
921,01:24.4,6600 ,0,0.00461239 ,82.49200000
922,01:24.5,6605 ,0,0.00460304 ,82.50860000
923,01:24.6,6610 ,0,0.00459373 ,82.52490000
924,01:24.7,6615 ,0,0.00458444 ,82.54130000
925,01:24.8,6620 ,0,0.00457522 ,82.55770000
926,01:24.9,6625 ,0,0.00456607 ,82.57380000
927,01:25.0,6630 ,0,0.00455698 ,82.59020000
928,01:25.0,6635 ,0,0.00454787 ,82.60590000
929,01:25.1,6640 ,0,0.00453885 ,82.62220000
930,01:25.2,6645 ,0,0.00452987 ,82.63800000
931,01:25.3,6650 ,0,0.00452093 ,82.65400000
932,01:25.4,6655 ,0,0.00451202 ,82.66960000
933,01:25.4,6660 ,0,0.00450313 ,82.68530000
934,01:25.5,6665 ,0,0.00449434 ,82.70080000
935,01:25.6,6670 ,0,0.00448562 ,82.71640000
936,01:25.7,6675 ,0,0.00447686 ,82.73190000
937,01:25.8,6680 ,0,0.00446820 ,82.74720000
938,01:25.9,6685 ,0,0.00445957 ,82.76270000
939,01:26.0,6690 ,0,0.00445097 ,82.77780000
940,01:26.1,6695 ,0,0.00444244 ,82.79290000
941,01:26.2,6700 ,0,0.00443393 ,82.80820000
942,01:26.3,6705 ,0,0.00442545 ,82.82320000
943,01:26.3,6710 ,0,0.00441705 ,82.83820000
944,01:26.4,6715 ,0,0.00440867 ,82.85310000
945,01:26.5,6720 ,0,0.00440035 ,82.86810000
946,01:26.6,6725 ,0,0.00439205 ,82.88290000
947,01:26.7,6730 ,0,0.00438373 ,82.89750000
948,01:26.8,6735 ,0,0.00437542 ,82.91210000
949,01:26.8,6740 ,0,0.00436716 ,82.92680000
950,01:26.9,6745 ,0,0.00435896 ,82.94130000
951,01:27.0,6750 ,0,0.00435072 ,82.95570000
952,01:27.1,6755 ,0,0.00434253 ,82.97010000
953,01:27.2,6760 ,0,0.00433438 ,82.98450000
954,01:27.3,6765 ,0,0.00432624 ,82.99880000
955,01:27.4,6770 ,0,0.00431812 ,83.01320000
956,01:27.5,6775 ,0,0.00431007 ,83.02760000
957,01:27.5,6780 ,0,0.00430199 ,83.04160000
958,01:27.6,6785 ,0,0.00429402 ,83.05600000
959,01:27.7,6790 ,0,0.00428603 ,83.06980000
960,01:27.8,6795 ,0,0.00427807 ,83.08390000
961,01:27.9,6800 ,0,0.00427014 ,83.09780000
962,01:28.0,6805 ,0,0.00426229 ,83.11150000
963,01:28.0,6810 ,0,0.00425444 ,83.12530000
964,01:28.1,6815 ,0,0.00424662 ,83.13900000
965,01:28.2,6820 ,0,0.00423890 ,83.15290000
966,01:28.3,6825 ,0,0.00423115 ,83.16640000
967,01:28.4,6830 ,0,0.00422346 ,83.17960000
968,01:28.4,6835 ,0,0.00421578 ,83.19340000
969,01:28.5,6840 ,0,0.00420815 ,83.20710000
970,01:28.6,6845 ,0,0.00420053 ,83.22040000
971,01:28.7,6850 ,0,0.00419293 ,83.23370000
972,01:28.8,6855 ,0,0.00418540 ,83.24710000
973,01:28.8,6860 ,0,0.00417788 ,83.26010000
974,01:28.9,6865 ,0,0.00417038 ,83.27340000
975,01:29.0,6870 ,0,0.00416290 ,83.28620000
976,01:29.4,6875 ,0,0.00415547 ,83.30050000
977,01:29.8,6880 ,0,0.00414813 ,83.31360000
978,01:30.1,6885 ,0,0.00414088 ,83.32690000
979,01:30.4,6890 ,0,0.00413353 ,83.33970000
980,01:30.7,6895 ,0,0.00412609 ,83.35280000
981,01:31.0,6900 ,0,0.00411875 ,83.36610000
982,01:31.3,6905 ,0,0.00411155 ,83.37870000
983,01:31.6,6910 ,0,0.00410435 ,83.39160000
984,01:31.7,6915 ,0,0.00409712 ,83.40380000
985,01:32.0,6920 ,0,0.00408999 ,83.41650000
986,01:32.2,6925 ,0,0.00408285 ,83.42900000
987,01:32.6,6930 ,0,0.00407578 ,83.44200000
988,01:32.8,6935 ,0,0.00406864 ,83.45420000
989,01:33.0,6940 ,0,0.00406154 ,83.46690000
990,01:33.2,6945 ,0,0.00405444 ,83.47920000
991,01:33.4,6950 ,0,0.00404737 ,83.49130000
992,01:33.8,6955 ,0,0.00404030 ,83.50400000
993,01:34.1,6960 ,0,0.00403322 ,83.51620000
994,01:34.1,6965 ,0,0.00402621 ,83.52810000
995,01:34.2,6970 ,0,0.00401927 ,83.54050000
996,01:34.3,6975 ,0,0.00401236 ,83.55200000
997,01:34.4,6980 ,0,0.00400550 ,83.56410000
998,01:34.4,6985 ,0,0.00399867 ,83.57570000
999,01:34.5,6990 ,0,0.00399188 ,83.58790000
1000,01:34.6,6995 ,0,0.00398512 ,83.59930000
1001,01:34.7,7000 ,0,0.00397836 ,83.61140000
1002,01:34.8,7005 ,0,0.00397165 ,83.62310000
1003,01:34.8,7010 ,0,0.00396494 ,83.63460000
1004,01:34.9,7015 ,0,0.00395824 ,83.64660000
1005,01:35.0,7020 ,0,0.00395160 ,83.65800000
1006,01:35.1,7025 ,0,0.00394495 ,83.66950000
1007,01:35.2,7030 ,0,0.00393835 ,83.68090000
1008,01:35.3,7035 ,0,0.00393176 ,83.69270000
1009,01:35.3,7040 ,0,0.00392519 ,83.70380000
1010,01:35.4,7045 ,0,0.00391866 ,83.71530000
1011,01:35.5,7050 ,0,0.00391213 ,83.72640000
1012,01:35.6,7055 ,0,0.00390564 ,83.73790000
1013,01:35.7,7060 ,0,0.00389916 ,83.74930000
1014,01:35.8,7065 ,0,0.00389271 ,83.76050000
1015,01:35.9,7070 ,0,0.00388628 ,83.77170000
1016,01:36.0,7075 ,0,0.00387985 ,83.78290000
1017,01:36.3,7080 ,0,0.00387362 ,83.79430000
1018,01:36.4,7085 ,0,0.00386731 ,83.80540000
1019,01:36.8,7090 ,0,0.00386124 ,83.81660000
1020,01:36.9,7095 ,0,0.00385499 ,83.82720000
1021,01:37.2,7100 ,0,0.00384888 ,83.83830000
1022,01:37.3,7105 ,0,0.00384267 ,83.84930000
1023,01:37.5,7110 ,0,0.00383648 ,83.86010000
1024,01:37.7,7115 ,0,0.00383032 ,83.87090000
1025,01:37.8,7120 ,0,0.00382420 ,83.88150000
1026,01:38.0,7125 ,0,0.00381807 ,83.89250000
1027,01:38.2,7130 ,0,0.00381192 ,83.90320000
1028,01:38.3,7135 ,0,0.00380581 ,83.91350000
1029,01:38.7,7140 ,0,0.00379974 ,83.92480000
1030,01:39.0,7145 ,0,0.00379365 ,83.93530000
1031,01:39.2,7150 ,0,0.00378766 ,83.94570000
1032,01:39.4,7155 ,0,0.00378172 ,83.95610000
1033,01:39.5,7160 ,0,0.00377574 ,83.96680000
1034,01:39.7,7165 ,0,0.00376980 ,83.97690000
1035,01:40.0,7170 ,0,0.00376388 ,83.98730000
1036,01:40.4,7175 ,0,0.00375797 ,83.99790000
1037,01:40.5,7180 ,0,0.00375202 ,84.00790000
1038,01:40.6,7185 ,0,0.00374610 ,84.01830000
1039,01:40.7,7190 ,0,0.00374018 ,84.02810000
1040,01:40.8,7195 ,0,0.00373430 ,84.03870000
1041,01:40.8,7200 ,0,0.00372842 ,84.04850000
1042,01:40.9,7205 ,0,0.00372257 ,84.05850000
1043,01:41.0,7210 ,0,0.00371677 ,84.06840000
1044,01:41.1,7215 ,0,0.00371096 ,84.07870000
1045,01:41.2,7220 ,0,0.00370519 ,84.08850000
1046,01:41.3,7225 ,0,0.00369941 ,84.09840000
1047,01:41.4,7230 ,0,0.00369369 ,84.10870000
1048,01:41.5,7235 ,0,0.00368795 ,84.11810000
1049,01:41.5,7240 ,0,0.00368225 ,84.12820000
1050,01:41.6,7245 ,0,0.00367658 ,84.13770000
1051,01:41.7,7250 ,0,0.00367092 ,84.14790000
1052,01:41.8,7255 ,0,0.00366526 ,84.15740000
1053,01:41.8,7260 ,0,0.00365964 ,84.16710000
1054,01:41.9,7265 ,0,0.00365402 ,84.17680000
1055,01:42.0,7270 ,0,0.00364844 ,84.18640000
1056,01:42.1,7275 ,0,0.00364284 ,84.19600000
1057,01:42.2,7280 ,0,0.00363731 ,84.20560000
1058,01:42.2,7285 ,0,0.00363175 ,84.21550000
1059,01:42.3,7290 ,0,0.00362623 ,84.22510000
1060,01:42.4,7295 ,0,0.00362073 ,84.23460000
1061,01:42.5,7300 ,0,0.00361522 ,84.24410000
1062,01:42.6,7305 ,0,0.00360975 ,84.25330000
1063,01:42.7,7310 ,0,0.00360429 ,84.26280000
1064,01:42.8,7315 ,0,0.00359888 ,84.27220000
1065,01:44.3,7320 ,0,0.00359329 ,84.28300000
1066,01:44.9,7325 ,0,0.00358777 ,84.29260000
1067,01:45.1,7330 ,0,0.00358237 ,84.30190000
1068,01:45.3,7335 ,0,0.00357703 ,84.31090000
1069,01:45.3,7340 ,0,0.00357170 ,84.32030000
1070,01:45.4,7345 ,0,0.00356639 ,84.32910000
1071,01:46.0,7350 ,0,0.00356121 ,84.33810000
1072,01:46.3,7355 ,0,0.00355602 ,84.34770000
1073,01:46.3,7360 ,0,0.00355078 ,84.35670000
1074,01:46.5,7365 ,0,0.00354561 ,84.36570000
1075,01:46.7,7370 ,0,0.00354045 ,84.37470000
1076,01:47.0,7375 ,0,0.00353527 ,84.38410000
1077,01:47.1,7380 ,0,0.00353010 ,84.39280000
1078,01:47.5,7385 ,0,0.00352498 ,84.40170000
1079,01:47.6,7390 ,0,0.00351986 ,84.41020000
1080,01:47.9,7395 ,0,0.00351477 ,84.41960000
1081,01:48.0,7400 ,0,0.00350963 ,84.42800000
1082,01:48.1,7405 ,0,0.00350451 ,84.43680000
1083,01:48.1,7410 ,0,0.00349944 ,84.44520000
1084,01:48.2,7415 ,0,0.00349436 ,84.45410000
1085,01:48.3,7420 ,0,0.00348929 ,84.46270000
1086,01:48.4,7425 ,0,0.00348426 ,84.47140000
1087,01:48.7,7430 ,0,0.00347928 ,84.48040000
1088,01:48.8,7435 ,0,0.00347425 ,84.48880000
1089,01:48.8,7440 ,0,0.00346927 ,84.49710000
1090,01:48.9,7445 ,0,0.00346429 ,84.50550000
1091,01:49.0,7450 ,0,0.00345932 ,84.51430000
1092,01:49.1,7455 ,0,0.00345437 ,84.52270000
1093,01:49.2,7460 ,0,0.00344942 ,84.53110000
1094,01:49.3,7465 ,0,0.00344450 ,84.53970000
1095,01:49.4,7470 ,0,0.00343958 ,84.54810000
1096,01:49.8,7475 ,0,0.00343470 ,84.55670000
1097,01:49.8,7480 ,0,0.00342984 ,84.56500000
1098,01:50.2,7485 ,0,0.00342511 ,84.57340000
1099,01:50.3,7490 ,0,0.00342029 ,84.58190000
1100,01:50.4,7495 ,0,0.00341548 ,84.59010000
1101,01:50.4,7500 ,0,0.00341070 ,84.59810000
1102,01:50.7,7505 ,0,0.00340595 ,84.60670000
1103,01:50.9,7510 ,0,0.00340119 ,84.61450000
1104,01:51.0,7515 ,0,0.00339643 ,84.62290000
1105,01:51.1,7520 ,0,0.00339169 ,84.63110000
1106,01:51.2,7525 ,0,0.00338697 ,84.63910000
1107,01:51.3,7530 ,0,0.00338225 ,84.64690000
1108,01:51.3,7535 ,0,0.00337755 ,84.65520000
1109,01:51.4,7540 ,0,0.00337289 ,84.66320000
1110,01:51.5,7545 ,0,0.00336823 ,84.67110000
1111,01:51.6,7550 ,0,0.00336357 ,84.67900000
1112,01:51.7,7555 ,0,0.00335894 ,84.68710000
1113,01:51.8,7560 ,0,0.00335429 ,84.69510000
1114,01:51.9,7565 ,0,0.00334968 ,84.70300000
1115,01:52.0,7570 ,0,0.00334504 ,84.71080000
1116,01:52.1,7575 ,0,0.00334045 ,84.71860000
1117,01:52.1,7580 ,0,0.00333591 ,84.72660000
1118,01:52.2,7585 ,0,0.00333136 ,84.73420000
1119,01:52.3,7590 ,0,0.00332685 ,84.74180000
1120,01:52.4,7595 ,0,0.00332236 ,84.74980000
1121,01:52.5,7600 ,0,0.00331783 ,84.75760000
1122,01:52.6,7605 ,0,0.00331337 ,84.76520000
1123,01:52.7,7610 ,0,0.00330890 ,84.77280000
1124,01:52.8,7615 ,0,0.00330443 ,84.78070000
1125,01:52.9,7620 ,0,0.00329999 ,84.78830000
1126,01:53.0,7625 ,0,0.00329556 ,84.79570000
1127,01:53.1,7630 ,0,0.00329114 ,84.80350000
1128,01:53.2,7635 ,0,0.00328678 ,84.81100000
1129,01:53.2,7640 ,0,0.00328238 ,84.81860000
1130,01:53.3,7645 ,0,0.00327804 ,84.82580000
1131,01:53.4,7650 ,0,0.00327369 ,84.83380000
1132,01:53.5,7655 ,0,0.00326941 ,84.84090000
1133,01:53.6,7660 ,0,0.00326510 ,84.84830000
1134,01:53.7,7665 ,0,0.00326080 ,84.85560000
1135,01:53.8,7670 ,0,0.00325650 ,84.86350000
1136,01:53.9,7675 ,0,0.00325223 ,84.87030000
1137,01:54.0,7680 ,0,0.00324795 ,84.87750000
1138,01:54.1,7685 ,0,0.00324371 ,84.88520000
1139,01:54.2,7690 ,0,0.00323948 ,84.89280000
1140,01:54.3,7695 ,0,0.00323523 ,84.89950000
1141,01:54.4,7700 ,0,0.00323098 ,84.90680000
1142,01:54.4,7705 ,0,0.00322673 ,84.91400000
1143,01:54.5,7710 ,0,0.00322251 ,84.92140000
1144,01:54.6,7715 ,0,0.00321831 ,84.92860000
1145,01:54.7,7720 ,0,0.00321408 ,84.93570000
1146,01:54.8,7725 ,0,0.00320991 ,84.94300000
1147,01:54.9,7730 ,0,0.00320571 ,84.94990000
1148,01:55.0,7735 ,0,0.00320155 ,84.95740000
1149,01:55.1,7740 ,0,0.00319741 ,84.96420000
1150,01:55.2,7745 ,0,0.00319330 ,84.97140000
1151,01:55.3,7750 ,0,0.00318921 ,84.97850000
1152,01:55.4,7755 ,0,0.00318513 ,84.98540000
1153,01:55.5,7760 ,0,0.00318103 ,84.99270000
1154,01:55.5,7765 ,0,0.00317694 ,84.99970000
1155,01:55.6,7770 ,0,0.00317288 ,85.00670000
1156,01:55.7,7775 ,0,0.00316884 ,85.01360000
1157,01:55.8,7780 ,0,0.00316479 ,85.02050000
1158,01:56.0,7785 ,0,0.00316076 ,85.02710000
1159,01:56.0,7790 ,0,0.00315672 ,85.03420000
1160,01:56.1,7795 ,0,0.00315272 ,85.04100000
1161,01:56.2,7800 ,0,0.00314870 ,85.04770000
1162,01:56.3,7805 ,0,0.00314471 ,85.05490000
1163,01:56.4,7810 ,0,0.00314072 ,85.06140000
1164,01:56.5,7815 ,0,0.00313673 ,85.06810000
1165,01:56.6,7820 ,0,0.00313274 ,85.07520000
1166,01:56.7,7825 ,0,0.00312879 ,85.08180000
1167,01:56.8,7830 ,0,0.00312485 ,85.08860000
1168,01:56.9,7835 ,0,0.00312089 ,85.09540000
1169,01:57.0,7840 ,0,0.00311697 ,85.10180000
1170,01:57.1,7845 ,0,0.00311304 ,85.10820000
1171,01:57.2,7850 ,0,0.00310911 ,85.11540000
1172,01:57.3,7855 ,0,0.00310519 ,85.12190000
1173,01:57.4,7860 ,0,0.00310129 ,85.12880000
1174,01:57.4,7865 ,0,0.00309738 ,85.13510000
1175,01:57.5,7870 ,0,0.00309351 ,85.14150000
1176,01:57.6,7875 ,0,0.00308965 ,85.14800000
1177,01:57.7,7880 ,0,0.00308581 ,85.15470000
1178,01:57.8,7885 ,0,0.00308195 ,85.16150000
1179,01:57.9,7890 ,0,0.00307812 ,85.16800000
1180,01:58.0,7895 ,0,0.00307425 ,85.17430000
1181,01:58.1,7900 ,0,0.00307046 ,85.18080000
1182,01:58.2,7905 ,0,0.00306664 ,85.18750000
1183,01:58.3,7910 ,0,0.00306284 ,85.19440000
1184,01:58.5,7915 ,0,0.00305902 ,85.20040000
1185,01:58.5,7920 ,0,0.00305522 ,85.20660000
1186,01:58.7,7925 ,0,0.00305146 ,85.21320000
1187,01:58.7,7930 ,0,0.00304769 ,85.21940000
1188,01:58.8,7935 ,0,0.00304394 ,85.22560000
1189,01:58.9,7940 ,0,0.00304022 ,85.23170000
1190,01:59.0,7945 ,0,0.00303649 ,85.23860000
1191,01:59.1,7950 ,0,0.00303279 ,85.24470000
1192,01:59.2,7955 ,0,0.00302909 ,85.25100000
1193,01:59.3,7960 ,0,0.00302541 ,85.25730000
1194,01:59.4,7965 ,0,0.00302177 ,85.26330000
1195,01:59.5,7970 ,0,0.00301808 ,85.26970000
1196,01:59.6,7975 ,0,0.00301446 ,85.27610000
1197,01:59.7,7980 ,0,0.00301083 ,85.28220000
1198,01:59.8,7985 ,0,0.00300726 ,85.28830000
1199,01:59.9,7990 ,0,0.00300366 ,85.29410000
1200,02:00.0,7995 ,0,0.00300007 ,85.30000000
1201,02:00.1,8000 ,0,0.00299647 ,85.30690000